songplays_id,track_id,track_name,artists,track_duration,track_is_explicit,track_popularity,track_played_at,album_id,album_name,album_release_year,album_type,artist_name,artist_name_others,artist_id,artist_id_others,track_danceability,track_energy,track_key,track_loudness,track_mode,track_speechiness,track_acousticness,track_instrumentalness,track_liveness,track_valence,artist_popularity,artist_followers,artist_genre,artist_genre_others
1,7fRIo7WyDxXn3r233GCcdL,Jimikki Ponnu,"[{'external_urls': {'spotify': 'https://open.spotify.com/artist/4zCH9qm4R2DADamUHMCa6O'}, 'href': 'https://api.spotify.com/v1/artists/4zCH9qm4R2DADamUHMCa6O', 'id': '4zCH9qm4R2DADamUHMCa6O', 'name': 'Anirudh Ravichander', 'type': 'artist', 'uri': 'spotify:artist:4zCH9qm4R2DADamUHMCa6O'}, {'external_urls': {'spotify': 'https://open.spotify.com/artist/00sCATpEvwH48ays7PlQFU'}, 'href': 'https://api.spotify.com/v1/artists/00sCATpEvwH48ays7PlQFU', 'id': '00sCATpEvwH48ays7PlQFU', 'name': 'Jonita Gandhi', 'type': 'artist', 'uri': 'spotify:artist:00sCATpEvwH48ays7PlQFU'}]",3.734916666666667,False,73,2023-02-11 15:10:38,0v5sodl4XQptOtB7iD9SNy,Varisu,2022,album,Anirudh Ravichander,Jonita Gandhi,4zCH9qm4R2DADamUHMCa6O,00sCATpEvwH48ays7PlQFU,0.751,0.826,5,-7.805,0,0.205,0.588,0.0125,0.104,0.848,85,16339229,desi hip hop,"filmi, tamil hip hop"
32,0jvNc73pMCkyHTchaQu6NV,Surviva (feat. Yogi B & Mali),"[{'external_urls': {'spotify': 'https://open.spotify.com/artist/4zCH9qm4R2DADamUHMCa6O'}, 'href': 'https://api.spotify.com/v1/artists/4zCH9qm4R2DADamUHMCa6O', 'id': '4zCH9qm4R2DADamUHMCa6O', 'name': 'Anirudh Ravichander', 'type': 'artist', 'uri': 'spotify:artist:4zCH9qm4R2DADamUHMCa6O'}, {'external_urls': {'spotify': 'https://open.spotify.com/artist/614RN5ndeqpLlqg1yDbjtm'}, 'href': 'https://api.spotify.com/v1/artists/614RN5ndeqpLlqg1yDbjtm', 'id': '614RN5ndeqpLlqg1yDbjtm', 'name': 'Yogi B', 'type': 'artist', 'uri': 'spotify:artist:614RN5ndeqpLlqg1yDbjtm'}, {'external_urls': {'spotify': 'https://open.spotify.com/artist/6l1lQ5WaTFT05RImOssYKg'}, 'href': 'https://api.spotify.com/v1/artists/6l1lQ5WaTFT05RImOssYKg', 'id': '6l1lQ5WaTFT05RImOssYKg', 'name': 'MALIII', 'type': 'artist', 'uri': 'spotify:artist:6l1lQ5WaTFT05RImOssYKg'}]",3.7004333333333332,False,53,2022-11-25 13:38:31,6zXvWxQ8vSbI44dQdPp4P0,Vivegam (Original Motion Picture Soundtrack),2017,album,Anirudh Ravichander,"Yogi B, MALIII",4zCH9qm4R2DADamUHMCa6O,"614RN5ndeqpLlqg1yDbjtm, 6l1lQ5WaTFT05RImOssYKg",0.608,0.919,9,-7.203,0,0.0758,0.137,0.000276,0.243,0.728,85,16339229,desi hip hop,"filmi, tamil hip hop"
35,1LFTKTSfPQRM3a8mOvNtnE,Ethir Neechal,"[{'external_urls': {'spotify': 'https://open.spotify.com/artist/4zCH9qm4R2DADamUHMCa6O'}, 'href': 'https://api.spotify.com/v1/artists/4zCH9qm4R2DADamUHMCa6O', 'id': '4zCH9qm4R2DADamUHMCa6O', 'name': 'Anirudh Ravichander', 'type': 'artist', 'uri': 'spotify:artist:4zCH9qm4R2DADamUHMCa6O'}, {'external_urls': {'spotify': 'https://open.spotify.com/artist/7uIbLdzzSEqnX0Pkrb56cR'}, 'href': 'https://api.spotify.com/v1/artists/7uIbLdzzSEqnX0Pkrb56cR', 'id': '7uIbLdzzSEqnX0Pkrb56cR', 'name': 'Yo Yo Honey Singh', 'type': 'artist', 'uri': 'spotify:artist:7uIbLdzzSEqnX0Pkrb56cR'}, {'external_urls': {'spotify': 'https://open.spotify.com/artist/7zFBW2JxM4bgTTKxCRcS8Q'}, 'href': 'https://api.spotify.com/v1/artists/7zFBW2JxM4bgTTKxCRcS8Q', 'id': '7zFBW2JxM4bgTTKxCRcS8Q', 'name': 'Hiphop Tamizha', 'type': 'artist', 'uri': 'spotify:artist:7zFBW2JxM4bgTTKxCRcS8Q'}]",4.512,False,57,2022-11-25 13:22:39,3xTQmYK4S7vj9mv3zcJYWg,Ethir Neechal (Original Motion Picture Soundtrack),2012,album,Anirudh Ravichander,"Yo Yo Honey Singh, Hiphop Tamizha",4zCH9qm4R2DADamUHMCa6O,"7uIbLdzzSEqnX0Pkrb56cR, 7zFBW2JxM4bgTTKxCRcS8Q",0.752,0.97,5,-4.167,1,0.0943,0.0556,1.21e-06,0.0999,0.537,85,16339229,desi hip hop,"filmi, tamil hip hop"
36,00yTVQE3eIFc21kA76tyJs,"Thalai Viduthalai (From ""Vivegam"")","[{'external_urls': {'spotify': 'https://open.spotify.com/artist/4zCH9qm4R2DADamUHMCa6O'}, 'href': 'https://api.spotify.com/v1/artists/4zCH9qm4R2DADamUHMCa6O', 'id': '4zCH9qm4R2DADamUHMCa6O', 'name': 'Anirudh Ravichander', 'type': 'artist', 'uri': 'spotify:artist:4zCH9qm4R2DADamUHMCa6O'}, {'external_urls': {'spotify': 'https://open.spotify.com/artist/3DFIYtEdg2hh7dz3g7idaX'}, 'href': 'https://api.spotify.com/v1/artists/3DFIYtEdg2hh7dz3g7idaX', 'id': '3DFIYtEdg2hh7dz3g7idaX', 'name': 'Harish Swaminathan', 'type': 'artist', 'uri': 'spotify:artist:3DFIYtEdg2hh7dz3g7idaX'}]",3.257233333333333,False,37,2022-11-25 13:18:08,1EWl7oLpKgRbOIdMWfO4uP,"Thalai Viduthalai (From ""Vivegam"")",2017,album,Anirudh Ravichander,Harish Swaminathan,4zCH9qm4R2DADamUHMCa6O,3DFIYtEdg2hh7dz3g7idaX,0.371,0.934,10,-4.202,0,0.115,0.00145,9.2e-06,0.342,0.598,85,16339229,desi hip hop,"filmi, tamil hip hop"
38,32E2AGkk15IU9JMZUGs7Ih,Hey Mama,"[{'external_urls': {'spotify': 'https://open.spotify.com/artist/4zCH9qm4R2DADamUHMCa6O'}, 'href': 'https://api.spotify.com/v1/artists/4zCH9qm4R2DADamUHMCa6O', 'id': '4zCH9qm4R2DADamUHMCa6O', 'name': 'Anirudh Ravichander', 'type': 'artist', 'uri': 'spotify:artist:4zCH9qm4R2DADamUHMCa6O'}]",4.489966666666667,False,46,2022-11-25 13:09:59,25QVMppRE7ouRK0YAl9i0U,Sethupathi (Original Motion Picture Soundtrack),2016,album,Anirudh Ravichander,,4zCH9qm4R2DADamUHMCa6O,,0.782,0.926,4,-5.887,0,0.088,0.109,1e-06,0.0786,0.522,85,16339229,desi hip hop,"filmi, tamil hip hop"
44,2HExCD0mVOvPQ47dkM4tUH,"Surviva (From ""Vivegam"") (feat. Yogi B & Mali)","[{'external_urls': {'spotify': 'https://open.spotify.com/artist/4zCH9qm4R2DADamUHMCa6O'}, 'href': 'https://api.spotify.com/v1/artists/4zCH9qm4R2DADamUHMCa6O', 'id': '4zCH9qm4R2DADamUHMCa6O', 'name': 'Anirudh Ravichander', 'type': 'artist', 'uri': 'spotify:artist:4zCH9qm4R2DADamUHMCa6O'}, {'external_urls': {'spotify': 'https://open.spotify.com/artist/614RN5ndeqpLlqg1yDbjtm'}, 'href': 'https://api.spotify.com/v1/artists/614RN5ndeqpLlqg1yDbjtm', 'id': '614RN5ndeqpLlqg1yDbjtm', 'name': 'Yogi B', 'type': 'artist', 'uri': 'spotify:artist:614RN5ndeqpLlqg1yDbjtm'}, {'external_urls': {'spotify': 'https://open.spotify.com/artist/6l1lQ5WaTFT05RImOssYKg'}, 'href': 'https://api.spotify.com/v1/artists/6l1lQ5WaTFT05RImOssYKg', 'id': '6l1lQ5WaTFT05RImOssYKg', 'name': 'MALIII', 'type': 'artist', 'uri': 'spotify:artist:6l1lQ5WaTFT05RImOssYKg'}]",3.7004333333333332,False,42,2022-11-25 12:42:41,2BBZJtkqoBJl7YlhgOfkcO,The Tamil EDM Mixtape,2018,album,Anirudh Ravichander,"Yogi B, MALIII",4zCH9qm4R2DADamUHMCa6O,"614RN5ndeqpLlqg1yDbjtm, 6l1lQ5WaTFT05RImOssYKg",0.608,0.919,9,-7.203,0,0.076,0.137,0.000274,0.243,0.728,85,16339229,desi hip hop,"filmi, tamil hip hop"
2,7H7ktpLPBvpJ0A2pwUy4hB,"Chilla Chilla (From ""Thunivu"")","[{'external_urls': {'spotify': 'https://open.spotify.com/artist/3jw2v5ZbSWBinNaECXq8cJ'}, 'href': 'https://api.spotify.com/v1/artists/3jw2v5ZbSWBinNaECXq8cJ', 'id': '3jw2v5ZbSWBinNaECXq8cJ', 'name': 'Ghibran', 'type': 'artist', 'uri': 'spotify:artist:3jw2v5ZbSWBinNaECXq8cJ'}, {'external_urls': {'spotify': 'https://open.spotify.com/artist/4zCH9qm4R2DADamUHMCa6O'}, 'href': 'https://api.spotify.com/v1/artists/4zCH9qm4R2DADamUHMCa6O', 'id': '4zCH9qm4R2DADamUHMCa6O', 'name': 'Anirudh Ravichander', 'type': 'artist', 'uri': 'spotify:artist:4zCH9qm4R2DADamUHMCa6O'}, {'external_urls': {'spotify': 'https://open.spotify.com/artist/61ARIGyeQjBmULCy2ckSTp'}, 'href': 'https://api.spotify.com/v1/artists/61ARIGyeQjBmULCy2ckSTp', 'id': '61ARIGyeQjBmULCy2ckSTp', 'name': 'vaisagh', 'type': 'artist', 'uri': 'spotify:artist:61ARIGyeQjBmULCy2ckSTp'}]",3.7037,False,73,2023-02-11 14:53:34,5hZOtTKT6VNJRgTDE28Hje,"Chilla Chilla (From ""Thunivu"")",2022,album,Ghibran,"Anirudh Ravichander, vaisagh",3jw2v5ZbSWBinNaECXq8cJ,"4zCH9qm4R2DADamUHMCa6O, 61ARIGyeQjBmULCy2ckSTp",0.609,0.865,7,-6.335,1,0.277,0.00538,0.0,0.309,0.514,69,478599,filmi,tamil pop
3,6TK7jseRCrogw9IzQYkw2h,"Thee Thalapathy (From ""Varisu"")","[{'external_urls': {'spotify': 'https://open.spotify.com/artist/5Hn84AFwiTEi8eMoI5B9AS'}, 'href': 'https://api.spotify.com/v1/artists/5Hn84AFwiTEi8eMoI5B9AS', 'id': '5Hn84AFwiTEi8eMoI5B9AS', 'name': 'Silambarasan TR', 'type': 'artist', 'uri': 'spotify:artist:5Hn84AFwiTEi8eMoI5B9AS'}, {'external_urls': {'spotify': 'https://open.spotify.com/artist/2FgHPfRprDaylrSRVf1UlN'}, 'href': 'https://api.spotify.com/v1/artists/2FgHPfRprDaylrSRVf1UlN', 'id': '2FgHPfRprDaylrSRVf1UlN', 'name': 'Thaman S', 'type': 'artist', 'uri': 'spotify:artist:2FgHPfRprDaylrSRVf1UlN'}]",4.3,False,75,2023-02-11 14:49:51,3ZcY45jXNx9jTGjpNv3GbL,"Thee Thalapathy (From ""Varisu"")",2022,album,Silambarasan TR,Thaman S,5Hn84AFwiTEi8eMoI5B9AS,2FgHPfRprDaylrSRVf1UlN,0.674,0.907,10,-5.078,0,0.122,0.567,0.0,0.259,0.828,69,164526,desi hip hop,"filmi, tamil pop"
4,6KDa64fYnyVS0kbVeRHNUF,Lord Knows (feat. Tory Lanez),"[{'external_urls': {'spotify': 'https://open.spotify.com/artist/20sxb77xiYeusSH8cVdatc'}, 'href': 'https://api.spotify.com/v1/artists/20sxb77xiYeusSH8cVdatc', 'id': '20sxb77xiYeusSH8cVdatc', 'name': 'Meek Mill', 'type': 'artist', 'uri': 'spotify:artist:20sxb77xiYeusSH8cVdatc'}, {'external_urls': {'spotify': 'https://open.spotify.com/artist/0AKaEDAMLlRoFwSWmzXsex'}, 'href': 'https://api.spotify.com/v1/artists/0AKaEDAMLlRoFwSWmzXsex', 'id': '0AKaEDAMLlRoFwSWmzXsex', 'name': 'Tony Lanez', 'type': 'artist', 'uri': 'spotify:artist:0AKaEDAMLlRoFwSWmzXsex'}]",5.345766666666667,True,46,2023-02-11 14:22:27,6Vl1FiigNmVpKDMXpRVUCA,CREED: Original Motion Picture Soundtrack,2015,album,Meek Mill,Tony Lanez,20sxb77xiYeusSH8cVdatc,0AKaEDAMLlRoFwSWmzXsex,0.515,0.696,10,-7.45,0,0.38,0.0154,0.0,0.654,0.172,77,6920335,hip hop,"philly rap, pop rap, rap, southern hip hop, trap"
5,1iP5UMdOsGz6EdltGbbcb7,The Fire,"[{'external_urls': {'spotify': 'https://open.spotify.com/artist/78xUyw6FkVZrRAtziFdtdu'}, 'href': 'https://api.spotify.com/v1/artists/78xUyw6FkVZrRAtziFdtdu', 'id': '78xUyw6FkVZrRAtziFdtdu', 'name': 'The Roots', 'type': 'artist', 'uri': 'spotify:artist:78xUyw6FkVZrRAtziFdtdu'}, {'external_urls': {'spotify': 'https://open.spotify.com/artist/5y2Xq6xcjJb2jVM54GHK3t'}, 'href': 'https://api.spotify.com/v1/artists/5y2Xq6xcjJb2jVM54GHK3t', 'id': '5y2Xq6xcjJb2jVM54GHK3t', 'name': 'John Legend', 'type': 'artist', 'uri': 'spotify:artist:5y2Xq6xcjJb2jVM54GHK3t'}]",3.6844333333333332,False,52,2023-02-11 14:06:54,25sYZjutddzUpXNbeQ7bEC,How I Got Over,2010,album,The Roots,John Legend,78xUyw6FkVZrRAtziFdtdu,5y2Xq6xcjJb2jVM54GHK3t,0.67,0.956,1,-4.381,1,0.16,0.177,3.65e-05,0.726,0.337,62,1259738,alternative hip hop,"conscious hip hop, east coast hip hop, hardcore hip hop, hip hop, philly rap, political hip hop, southern hip hop"
6,0fX4oNGBWO3dSGUZcVdVV2,N95,"[{'external_urls': {'spotify': 'https://open.spotify.com/artist/2YZyLoL8N0Wb9xBt1NhZWg'}, 'href': 'https://api.spotify.com/v1/artists/2YZyLoL8N0Wb9xBt1NhZWg', 'id': '2YZyLoL8N0Wb9xBt1NhZWg', 'name': 'Kendrick Lamar', 'type': 'artist', 'uri': 'spotify:artist:2YZyLoL8N0Wb9xBt1NhZWg'}]",3.265833333333333,True,78,2023-02-11 13:57:50,79ONNoS4M9tfIA1mYLBYVX,Mr. Morale & The Big Steppers,2022,album,Kendrick Lamar,,2YZyLoL8N0Wb9xBt1NhZWg,,0.79,0.67,1,-5.527,1,0.105,0.377,2.32e-06,0.119,0.408,91,22896729,conscious hip hop,"hip hop, rap, west coast rap"
7,0WSEq9Ko4kFPt8yo3ICd6T,Praise God,"[{'external_urls': {'spotify': 'https://open.spotify.com/artist/5K4W6rqBFWDnAN6FQUkS6x'}, 'href': 'https://api.spotify.com/v1/artists/5K4W6rqBFWDnAN6FQUkS6x', 'id': '5K4W6rqBFWDnAN6FQUkS6x', 'name': 'Kanye West', 'type': 'artist', 'uri': 'spotify:artist:5K4W6rqBFWDnAN6FQUkS6x'}]",3.7775333333333334,False,73,2023-02-11 13:54:34,5CnpZV3q5BcESefcB3WJmz,Donda,2021,album,Kanye West,,5K4W6rqBFWDnAN6FQUkS6x,,0.798,0.545,1,-6.466,1,0.168,0.00904,9.48e-05,0.258,0.212,92,19300478,chicago rap,rap
13,4KW1lqgSr8TKrvBII0Brf8,Father Stretch My Hands Pt. 1,"[{'external_urls': {'spotify': 'https://open.spotify.com/artist/5K4W6rqBFWDnAN6FQUkS6x'}, 'href': 'https://api.spotify.com/v1/artists/5K4W6rqBFWDnAN6FQUkS6x', 'id': '5K4W6rqBFWDnAN6FQUkS6x', 'name': 'Kanye West', 'type': 'artist', 'uri': 'spotify:artist:5K4W6rqBFWDnAN6FQUkS6x'}]",2.2653333333333334,True,78,2022-12-01 05:45:24,7gsWAHLeT0w7es6FofOXk1,The Life Of Pablo,2016,album,Kanye West,,5K4W6rqBFWDnAN6FQUkS6x,,0.724,0.573,7,-4.113,1,0.0549,0.118,0.0,0.538,0.438,92,19300478,chicago rap,rap
19,7rbECVPkY5UODxoOUVKZnA,I Wonder,"[{'external_urls': {'spotify': 'https://open.spotify.com/artist/5K4W6rqBFWDnAN6FQUkS6x'}, 'href': 'https://api.spotify.com/v1/artists/5K4W6rqBFWDnAN6FQUkS6x', 'id': '5K4W6rqBFWDnAN6FQUkS6x', 'name': 'Kanye West', 'type': 'artist', 'uri': 'spotify:artist:5K4W6rqBFWDnAN6FQUkS6x'}]",4.057333333333333,True,77,2022-12-01 05:23:41,4SZko61aMnmgvNhfhgTuD3,Graduation,2007,album,Kanye West,,5K4W6rqBFWDnAN6FQUkS6x,,0.542,0.466,0,-8.665,1,0.0831,0.141,0.000445,0.125,0.124,92,19300478,chicago rap,rap
8,1fewSx2d5KIZ04wsooEBOz,Space Cadet (feat. Gunna),"[{'external_urls': {'spotify': 'https://open.spotify.com/artist/0iEtIxbK0KxaSlF7G42ZOp'}, 'href': 'https://api.spotify.com/v1/artists/0iEtIxbK0KxaSlF7G42ZOp', 'id': '0iEtIxbK0KxaSlF7G42ZOp', 'name': 'Metro Boomin', 'type': 'artist', 'uri': 'spotify:artist:0iEtIxbK0KxaSlF7G42ZOp'}, {'external_urls': {'spotify': 'https://open.spotify.com/artist/2hlmm7s2ICUX0LVIhVFlZQ'}, 'href': 'https://api.spotify.com/v1/artists/2hlmm7s2ICUX0LVIhVFlZQ', 'id': '2hlmm7s2ICUX0LVIhVFlZQ', 'name': 'Gunna', 'type': 'artist', 'uri': 'spotify:artist:2hlmm7s2ICUX0LVIhVFlZQ'}]",3.387766666666667,True,77,2023-02-11 13:45:41,3IO8IPjwXuzPJnoaqkwYrj,NOT ALL HEROES WEAR CAPES (Deluxe),2018,album,Metro Boomin,Gunna,0iEtIxbK0KxaSlF7G42ZOp,2hlmm7s2ICUX0LVIhVFlZQ,0.901,0.464,5,-9.789,0,0.0645,0.368,1.71e-05,0.238,0.638,92,3704683,rap,
9,0oO1AbL92F6329z13C2qQH,Talk,"[{'external_urls': {'spotify': 'https://open.spotify.com/artist/3qiHUAX7zY4Qnjx8TNUzVx'}, 'href': 'https://api.spotify.com/v1/artists/3qiHUAX7zY4Qnjx8TNUzVx', 'id': '3qiHUAX7zY4Qnjx8TNUzVx', 'name': 'Yeat', 'type': 'artist', 'uri': 'spotify:artist:3qiHUAX7zY4Qnjx8TNUzVx'}]",2.914283333333333,True,73,2023-02-11 13:42:18,6Xo2PDEoQKzCndIbks2kvu,Lyfë,2022,album,Yeat,,3qiHUAX7zY4Qnjx8TNUzVx,,0.698,0.763,4,-4.716,0,0.205,0.0873,0.0,0.647,0.252,84,1781270,pluggnb,
10,0O82CIwSU4tY11rQhxqAHC,USE THIS GOSPEL (feat. Kanye West & Eminem) - REMIX,"[{'external_urls': {'spotify': 'https://open.spotify.com/artist/0QHgL1lAIqAw0HtD7YldmP'}, 'href': 'https://api.spotify.com/v1/artists/0QHgL1lAIqAw0HtD7YldmP', 'id': '0QHgL1lAIqAw0HtD7YldmP', 'name': 'DJ Khaled', 'type': 'artist', 'uri': 'spotify:artist:0QHgL1lAIqAw0HtD7YldmP'}, {'external_urls': {'spotify': 'https://open.spotify.com/artist/5K4W6rqBFWDnAN6FQUkS6x'}, 'href': 'https://api.spotify.com/v1/artists/5K4W6rqBFWDnAN6FQUkS6x', 'id': '5K4W6rqBFWDnAN6FQUkS6x', 'name': 'Kanye West', 'type': 'artist', 'uri': 'spotify:artist:5K4W6rqBFWDnAN6FQUkS6x'}, {'external_urls': {'spotify': 'https://open.spotify.com/artist/7dGJo4pcD2V6oG8kP0tJRR'}, 'href': 'https://api.spotify.com/v1/artists/7dGJo4pcD2V6oG8kP0tJRR', 'id': '7dGJo4pcD2V6oG8kP0tJRR', 'name': 'Eminem', 'type': 'artist', 'uri': 'spotify:artist:7dGJo4pcD2V6oG8kP0tJRR'}]",3.7255333333333334,False,48,2023-02-11 13:39:22,0Ugwmu29r0H1nqIJJoaL9w,GOD DID,2022,album,DJ Khaled,"Kanye West, Eminem",0QHgL1lAIqAw0HtD7YldmP,"5K4W6rqBFWDnAN6FQUkS6x, 7dGJo4pcD2V6oG8kP0tJRR",0.681,0.807,10,-2.362,0,0.252,0.0536,0.0,0.59,0.538,80,9184083,hip hop,"miami hip hop, pop rap, rap, southern hip hop, trap"
11,4Li2WHPkuyCdtmokzW2007,Ni**as In Paris,"[{'external_urls': {'spotify': 'https://open.spotify.com/artist/3nFkdlSjzX9mRTtwJOzDYB'}, 'href': 'https://api.spotify.com/v1/artists/3nFkdlSjzX9mRTtwJOzDYB', 'id': '3nFkdlSjzX9mRTtwJOzDYB', 'name': 'JAY-Z', 'type': 'artist', 'uri': 'spotify:artist:3nFkdlSjzX9mRTtwJOzDYB'}, {'external_urls': {'spotify': 'https://open.spotify.com/artist/5K4W6rqBFWDnAN6FQUkS6x'}, 'href': 'https://api.spotify.com/v1/artists/5K4W6rqBFWDnAN6FQUkS6x', 'id': '5K4W6rqBFWDnAN6FQUkS6x', 'name': 'Kanye West', 'type': 'artist', 'uri': 'spotify:artist:5K4W6rqBFWDnAN6FQUkS6x'}]",3.65555,True,80,2023-02-11 13:35:37,2P2Xwvh2xWXIZ1OWY9S9o5,Watch The Throne (Deluxe),2011,album,JAY-Z,Kanye West,3nFkdlSjzX9mRTtwJOzDYB,5K4W6rqBFWDnAN6FQUkS6x,0.789,0.858,1,-5.542,1,0.311,0.127,0.0,0.349,0.775,86,7972834,east coast hip hop,"hip hop, rap"
12,4Li2WHPkuyCdtmokzW2007,Ni**as In Paris,"[{'external_urls': {'spotify': 'https://open.spotify.com/artist/3nFkdlSjzX9mRTtwJOzDYB'}, 'href': 'https://api.spotify.com/v1/artists/3nFkdlSjzX9mRTtwJOzDYB', 'id': '3nFkdlSjzX9mRTtwJOzDYB', 'name': 'JAY-Z', 'type': 'artist', 'uri': 'spotify:artist:3nFkdlSjzX9mRTtwJOzDYB'}, {'external_urls': {'spotify': 'https://open.spotify.com/artist/5K4W6rqBFWDnAN6FQUkS6x'}, 'href': 'https://api.spotify.com/v1/artists/5K4W6rqBFWDnAN6FQUkS6x', 'id': '5K4W6rqBFWDnAN6FQUkS6x', 'name': 'Kanye West', 'type': 'artist', 'uri': 'spotify:artist:5K4W6rqBFWDnAN6FQUkS6x'}]",3.65555,True,80,2022-12-01 05:49:03,2P2Xwvh2xWXIZ1OWY9S9o5,Watch The Throne (Deluxe),2011,album,JAY-Z,Kanye West,3nFkdlSjzX9mRTtwJOzDYB,5K4W6rqBFWDnAN6FQUkS6x,0.789,0.858,1,-5.542,1,0.311,0.127,0.0,0.349,0.775,86,7972834,east coast hip hop,"hip hop, rap"
14,6lrpzaAgwwXgeNtP0xixbT,Caramel,"[{'external_urls': {'spotify': 'https://open.spotify.com/artist/5pZ7EMfFbfmscpTPy5BSM1'}, 'href': 'https://api.spotify.com/v1/artists/5pZ7EMfFbfmscpTPy5BSM1', 'id': '5pZ7EMfFbfmscpTPy5BSM1', 'name': 'ReLike Vibes', 'type': 'artist', 'uri': 'spotify:artist:5pZ7EMfFbfmscpTPy5BSM1'}]",1.8729666666666667,False,34,2022-12-01 05:40:09,41S6zWddhEMSh61UQfOQON,Million Lives,2021,album,ReLike Vibes,,5pZ7EMfFbfmscpTPy5BSM1,,0.685,0.492,9,-7.021,0,0.0394,0.782,0.936,0.112,0.11,22,401,,
26,6lrpzaAgwwXgeNtP0xixbT,Caramel,"[{'external_urls': {'spotify': 'https://open.spotify.com/artist/5pZ7EMfFbfmscpTPy5BSM1'}, 'href': 'https://api.spotify.com/v1/artists/5pZ7EMfFbfmscpTPy5BSM1', 'id': '5pZ7EMfFbfmscpTPy5BSM1', 'name': 'ReLike Vibes', 'type': 'artist', 'uri': 'spotify:artist:5pZ7EMfFbfmscpTPy5BSM1'}]",1.8729666666666667,False,34,2022-12-01 05:02:49,41S6zWddhEMSh61UQfOQON,Million Lives,2021,album,ReLike Vibes,,5pZ7EMfFbfmscpTPy5BSM1,,0.685,0.492,9,-7.021,0,0.0394,0.782,0.936,0.112,0.11,22,401,,
15,1cKHdTo9u0ZymJdPGSh6nq,I Was Never There,"[{'external_urls': {'spotify': 'https://open.spotify.com/artist/1Xyo4u8uXC1ZmMpatF05PJ'}, 'href': 'https://api.spotify.com/v1/artists/1Xyo4u8uXC1ZmMpatF05PJ', 'id': '1Xyo4u8uXC1ZmMpatF05PJ', 'name': 'The Weeknd', 'type': 'artist', 'uri': 'spotify:artist:1Xyo4u8uXC1ZmMpatF05PJ'}, {'external_urls': {'spotify': 'https://open.spotify.com/artist/3hteYQFiMFbJY7wS0xDymP'}, 'href': 'https://api.spotify.com/v1/artists/3hteYQFiMFbJY7wS0xDymP', 'id': '3hteYQFiMFbJY7wS0xDymP', 'name': 'Gesaffelstein', 'type': 'artist', 'uri': 'spotify:artist:3hteYQFiMFbJY7wS0xDymP'}]",4.017766666666667,False,86,2022-12-01 05:38:02,4qZBW3f2Q8y0k1A84d4iAO,"My Dear Melancholy,",2018,album,The Weeknd,Gesaffelstein,1Xyo4u8uXC1ZmMpatF05PJ,3hteYQFiMFbJY7wS0xDymP,0.323,0.737,10,-4.008,1,0.0338,0.142,0.000162,0.163,0.155,98,58390607,canadian contemporary r&b,"canadian pop, pop"
16,78xAYXMtvQkDvlqJA3fKu6,c!ao (feat. Rondodasosa),"[{'external_urls': {'spotify': 'https://open.spotify.com/artist/19i93sA0D7yS9dYoVNBqAA'}, 'href': 'https://api.spotify.com/v1/artists/19i93sA0D7yS9dYoVNBqAA', 'id': '19i93sA0D7yS9dYoVNBqAA', 'name': 'thasup', 'type': 'artist', 'uri': 'spotify:artist:19i93sA0D7yS9dYoVNBqAA'}, {'external_urls': {'spotify': 'https://open.spotify.com/artist/61bQ4nwIioR8w6PGxzpyY3'}, 'href': 'https://api.spotify.com/v1/artists/61bQ4nwIioR8w6PGxzpyY3', 'id': '61bQ4nwIioR8w6PGxzpyY3', 'name': 'Rondodasosa', 'type': 'artist', 'uri': 'spotify:artist:61bQ4nwIioR8w6PGxzpyY3'}]",3.5486666666666666,True,65,2022-12-01 05:34:00,7nDSuDHGJMKFtUTEEVJvUS,c@ra++ere s?ec!@le,2022,album,thasup,Rondodasosa,19i93sA0D7yS9dYoVNBqAA,61bQ4nwIioR8w6PGxzpyY3,0.559,0.894,2,-3.622,1,0.215,0.119,0.0,0.108,0.473,74,2030444,italian hip hop,"italian pop, trap italiana"
17,1FmGZd1PWEqq7KwJKKbFVz,Voices in My Head,"[{'external_urls': {'spotify': 'https://open.spotify.com/artist/73147xL7gw2ilXfbVPzTuw'}, 'href': 'https://api.spotify.com/v1/artists/73147xL7gw2ilXfbVPzTuw', 'id': '73147xL7gw2ilXfbVPzTuw', 'name': 'Rammor', 'type': 'artist', 'uri': 'spotify:artist:73147xL7gw2ilXfbVPzTuw'}]",2.4233333333333333,False,53,2022-12-01 05:30:27,5bIxerwzNiye1zsrnBBEYU,Voices in My Head,2022,album,Rammor,,73147xL7gw2ilXfbVPzTuw,,0.703,0.677,9,-6.589,0,0.0353,0.117,1.13e-06,0.211,0.545,54,88870,,
18,02MWAaffLxlfxAUY7c5dvx,Heat Waves,"[{'external_urls': {'spotify': 'https://open.spotify.com/artist/4yvcSjfu4PC0CYQyLy4wSq'}, 'href': 'https://api.spotify.com/v1/artists/4yvcSjfu4PC0CYQyLy4wSq', 'id': '4yvcSjfu4PC0CYQyLy4wSq', 'name': 'Glass Animals', 'type': 'artist', 'uri': 'spotify:artist:4yvcSjfu4PC0CYQyLy4wSq'}]",3.9800833333333334,False,83,2022-12-01 05:28:01,0KTj6k94XZh0c6IEMfxeWV,Dreamland (+ Bonus Levels),2020,album,Glass Animals,,4yvcSjfu4PC0CYQyLy4wSq,,0.761,0.525,11,-6.9,1,0.0944,0.44,6.7e-06,0.0921,0.531,80,3644006,gauze pop,"indietronica, shiver pop"
20,57acLvkLlixZ4wm6DBhLEu,Balade à deux,"[{'external_urls': {'spotify': 'https://open.spotify.com/artist/4V9vRZSqYVOgad1sDuDPHb'}, 'href': 'https://api.spotify.com/v1/artists/4V9vRZSqYVOgad1sDuDPHb', 'id': '4V9vRZSqYVOgad1sDuDPHb', 'name': 'Mastu', 'type': 'artist', 'uri': 'spotify:artist:4V9vRZSqYVOgad1sDuDPHb'}]",2.96295,False,56,2022-12-01 05:19:38,641gaOBAPvtEVBd5NQX0gs,Balade à deux,2022,album,Mastu,,4V9vRZSqYVOgad1sDuDPHb,,0.78,0.488,11,-10.459,1,0.116,0.387,0.0,0.131,0.444,54,102215,,
21,4ewazQLXFTDC8XvCbhvtXs,Glimpse of Us,"[{'external_urls': {'spotify': 'https://open.spotify.com/artist/3MZsBdqDrRTJihTHQrO6Dq'}, 'href': 'https://api.spotify.com/v1/artists/3MZsBdqDrRTJihTHQrO6Dq', 'id': '3MZsBdqDrRTJihTHQrO6Dq', 'name': 'Joji', 'type': 'artist', 'uri': 'spotify:artist:3MZsBdqDrRTJihTHQrO6Dq'}]",3.8909333333333334,False,79,2022-12-01 05:16:39,2hEnymoejldpuxSdTnkard,SMITHEREENS,2022,album,Joji,,3MZsBdqDrRTJihTHQrO6Dq,,0.44,0.317,8,-9.258,1,0.0531,0.891,4.78e-06,0.141,0.268,86,8022918,viral pop,
22,1uM8TxVMxmiwP8b6pZxUeQ,Cold World,"[{'external_urls': {'spotify': 'https://open.spotify.com/artist/1f2Bnuuv7FxEx2x8iiEBzR'}, 'href': 'https://api.spotify.com/v1/artists/1f2Bnuuv7FxEx2x8iiEBzR', 'id': '1f2Bnuuv7FxEx2x8iiEBzR', 'name': 'Eric Reprid', 'type': 'artist', 'uri': 'spotify:artist:1f2Bnuuv7FxEx2x8iiEBzR'}]",2.9998833333333335,True,55,2022-12-01 05:12:45,4XHXoathCXjASrvQQJJkxp,Cold World,2020,album,Eric Reprid,,1f2Bnuuv7FxEx2x8iiEBzR,,0.815,0.711,0,-4.278,1,0.108,0.496,0.0,0.109,0.336,52,92541,asian american hip hop,bc underground hip hop
23,1HFblnk2Twji0kDogp9D1o,GTA,"[{'external_urls': {'spotify': 'https://open.spotify.com/artist/3VhKwjUzCzgIJAzpjMBXmQ'}, 'href': 'https://api.spotify.com/v1/artists/3VhKwjUzCzgIJAzpjMBXmQ', 'id': '3VhKwjUzCzgIJAzpjMBXmQ', 'name': 'Rarin', 'type': 'artist', 'uri': 'spotify:artist:3VhKwjUzCzgIJAzpjMBXmQ'}]",2.0794166666666665,True,60,2022-12-01 05:09:45,6V2jjLPQjXPhBVskKOElrs,GTA,2020,album,Rarin,,3VhKwjUzCzgIJAzpjMBXmQ,,0.685,0.644,5,-7.73,0,0.1,0.0791,0.0,0.107,0.471,58,89809,sad rap,
24,4vDGc8mD9kHbC2Yy6pF6SE,Bad Dream,"[{'external_urls': {'spotify': 'https://open.spotify.com/artist/5yw4tA8D5uG7tT3NaDvq10'}, 'href': 'https://api.spotify.com/v1/artists/5yw4tA8D5uG7tT3NaDvq10', 'id': '5yw4tA8D5uG7tT3NaDvq10', 'name': 'Stellar', 'type': 'artist', 'uri': 'spotify:artist:5yw4tA8D5uG7tT3NaDvq10'}]",2.464,False,66,2022-12-01 05:07:40,4mR99Q1wGLHgzGyCW4UfGT,Bad Dream,2021,album,Stellar,,5yw4tA8D5uG7tT3NaDvq10,,0.731,0.746,8,-3.43,1,0.0311,0.00104,5.73e-06,0.117,0.555,68,400290,social media pop,
25,2WYs5LxOZfEyURXu7V0O1a,Stay With Me,"[{'external_urls': {'spotify': 'https://open.spotify.com/artist/3ZHU5AKrUmIPnCFfr82QER'}, 'href': 'https://api.spotify.com/v1/artists/3ZHU5AKrUmIPnCFfr82QER', 'id': '3ZHU5AKrUmIPnCFfr82QER', 'name': '1nonly', 'type': 'artist', 'uri': 'spotify:artist:3ZHU5AKrUmIPnCFfr82QER'}]",2.358416666666667,True,75,2022-12-01 05:05:12,5TPtlK0RBgPloK3Robfiyp,Stay With Me,2020,album,1nonly,,3ZHU5AKrUmIPnCFfr82QER,,0.684,0.844,9,-7.649,1,0.335,0.302,0.0,0.374,0.335,75,739274,aesthetic rap,
27,2QjOHCTQ1Jl3zawyYOpxh6,Sweater Weather,"[{'external_urls': {'spotify': 'https://open.spotify.com/artist/77SW9BnxLY8rJ0RciFqkHh'}, 'href': 'https://api.spotify.com/v1/artists/77SW9BnxLY8rJ0RciFqkHh', 'id': '77SW9BnxLY8rJ0RciFqkHh', 'name': 'The Neighbourhood', 'type': 'artist', 'uri': 'spotify:artist:77SW9BnxLY8rJ0RciFqkHh'}]",4.006666666666667,False,88,2022-12-01 05:00:57,4xkM0BwLM9H2IUcbYzpcBI,I Love You.,2013,album,The Neighbourhood,,77SW9BnxLY8rJ0RciFqkHh,,0.612,0.807,10,-2.81,1,0.0336,0.0495,0.0177,0.101,0.398,86,11619599,modern alternative rock,"modern rock, pop, shimmer pop"
28,0d6dbFvKczX1Us3J7TsMMv,Lỡ Say Bye Là Bye,"[{'external_urls': {'spotify': 'https://open.spotify.com/artist/1nX1HVIUo1Zfs3e2v3lFb9'}, 'href': 'https://api.spotify.com/v1/artists/1nX1HVIUo1Zfs3e2v3lFb9', 'id': '1nX1HVIUo1Zfs3e2v3lFb9', 'name': 'Changg', 'type': 'artist', 'uri': 'spotify:artist:1nX1HVIUo1Zfs3e2v3lFb9'}, {'external_urls': {'spotify': 'https://open.spotify.com/artist/0DL9VpY3UsZWQyDOO5Ej2o'}, 'href': 'https://api.spotify.com/v1/artists/0DL9VpY3UsZWQyDOO5Ej2o', 'id': '0DL9VpY3UsZWQyDOO5Ej2o', 'name': 'Lemese', 'type': 'artist', 'uri': 'spotify:artist:0DL9VpY3UsZWQyDOO5Ej2o'}]",3.5824666666666665,False,51,2022-12-01 04:56:56,3BKiAnPnm2Xn2cWB2uWeE0,Lỡ Say Bye Là Bye,2021,album,Changg,Lemese,1nX1HVIUo1Zfs3e2v3lFb9,0DL9VpY3UsZWQyDOO5Ej2o,0.708,0.42,11,-9.624,1,0.0715,0.825,4.01e-06,0.0925,0.47,49,77048,v-pop,
29,2OQGY0FDmnFLCzZXJGWO4k,Bheeshma Parvam (Trailer Theme),"[{'external_urls': {'spotify': 'https://open.spotify.com/artist/1qFp8zDvsXyCsC5dqz8X4S'}, 'href': 'https://api.spotify.com/v1/artists/1qFp8zDvsXyCsC5dqz8X4S', 'id': '1qFp8zDvsXyCsC5dqz8X4S', 'name': 'Sushin Shyam', 'type': 'artist', 'uri': 'spotify:artist:1qFp8zDvsXyCsC5dqz8X4S'}]",1.90125,False,31,2022-12-01 04:42:51,30i64sPavbG9YAblO8xBBz,Bheeshma Parvam (Original Motion Picture Soundtrack),2022,album,Sushin Shyam,,1qFp8zDvsXyCsC5dqz8X4S,,0.26,0.369,2,-12.479,1,0.0382,0.25,0.881,0.195,0.126,64,331102,mollywood,
30,2uJSz1wsssI2ehg69qNZ9F,"Kaduna Thrillu Thanada (From ""Bhediya - Tamil"")","[{'external_urls': {'spotify': 'https://open.spotify.com/artist/61if35zz1W11GejEkxTLEQ'}, 'href': 'https://api.spotify.com/v1/artists/61if35zz1W11GejEkxTLEQ', 'id': '61if35zz1W11GejEkxTLEQ', 'name': 'Benny Dayal', 'type': 'artist', 'uri': 'spotify:artist:61if35zz1W11GejEkxTLEQ'}, {'external_urls': {'spotify': 'https://open.spotify.com/artist/1mBydYMVBECdDmMfE2sEUO'}, 'href': 'https://api.spotify.com/v1/artists/1mBydYMVBECdDmMfE2sEUO', 'id': '1mBydYMVBECdDmMfE2sEUO', 'name': 'Sachin-Jigar', 'type': 'artist', 'uri': 'spotify:artist:1mBydYMVBECdDmMfE2sEUO'}]",2.7753833333333335,False,25,2022-11-26 17:53:05,0cTTOCLYogE4CwKR6C0k1V,"Kaduna Thrillu Thanada (From ""Bhediya - Tamil"")",2022,album,Benny Dayal,Sachin-Jigar,61if35zz1W11GejEkxTLEQ,1mBydYMVBECdDmMfE2sEUO,0.745,0.873,7,-4.104,1,0.0714,0.0302,0.00356,0.143,0.844,71,3618547,desi pop,"filmi, modern bollywood"
31,1fERvpF9968go72c3GRksb,Meesaya Murukku,"[{'external_urls': {'spotify': 'https://open.spotify.com/artist/7zFBW2JxM4bgTTKxCRcS8Q'}, 'href': 'https://api.spotify.com/v1/artists/7zFBW2JxM4bgTTKxCRcS8Q', 'id': '7zFBW2JxM4bgTTKxCRcS8Q', 'name': 'Hiphop Tamizha', 'type': 'artist', 'uri': 'spotify:artist:7zFBW2JxM4bgTTKxCRcS8Q'}, {'external_urls': {'spotify': 'https://open.spotify.com/artist/6XaNXEfQxuGqvzcHEwX6Qw'}, 'href': 'https://api.spotify.com/v1/artists/6XaNXEfQxuGqvzcHEwX6Qw', 'id': '6XaNXEfQxuGqvzcHEwX6Qw', 'name': 'Kharesma Ravichandran', 'type': 'artist', 'uri': 'spotify:artist:6XaNXEfQxuGqvzcHEwX6Qw'}]",3.702733333333333,False,52,2022-11-25 14:15:53,6huPBShibyH3IJg5pPv8Bl,Meesaya Murukku (Original Motion Picture Soundtrack),2017,album,Hiphop Tamizha,Kharesma Ravichandran,7zFBW2JxM4bgTTKxCRcS8Q,6XaNXEfQxuGqvzcHEwX6Qw,0.601,0.92,10,-2.313,0,0.146,0.419,0.0,0.263,0.493,69,6542643,desi hip hop,"tamil hip hop, tamil pop"
40,5KhKH476zkjKxraMZIo6in,Thani Oruvan - The Power of One,"[{'external_urls': {'spotify': 'https://open.spotify.com/artist/7zFBW2JxM4bgTTKxCRcS8Q'}, 'href': 'https://api.spotify.com/v1/artists/7zFBW2JxM4bgTTKxCRcS8Q', 'id': '7zFBW2JxM4bgTTKxCRcS8Q', 'name': 'Hiphop Tamizha', 'type': 'artist', 'uri': 'spotify:artist:7zFBW2JxM4bgTTKxCRcS8Q'}, {'external_urls': {'spotify': 'https://open.spotify.com/artist/207e202Dz3barZ9ij9jGpR'}, 'href': 'https://api.spotify.com/v1/artists/207e202Dz3barZ9ij9jGpR', 'id': '207e202Dz3barZ9ij9jGpR', 'name': 'Bobo Shashi', 'type': 'artist', 'uri': 'spotify:artist:207e202Dz3barZ9ij9jGpR'}]",3.8249833333333334,False,50,2022-11-25 12:57:59,7AOEe4UzP8MAtjwvzo2lcQ,Thani Oruvan (Original Motion Picture Soundtrack),2015,album,Hiphop Tamizha,Bobo Shashi,7zFBW2JxM4bgTTKxCRcS8Q,207e202Dz3barZ9ij9jGpR,0.587,0.931,1,-4.912,0,0.0654,0.723,1.55e-05,0.168,0.643,69,6542643,desi hip hop,"tamil hip hop, tamil pop"
33,7Fs5pBygqSAY2JPnfCHiMV,Ella Pugazhum,"[{'external_urls': {'spotify': 'https://open.spotify.com/artist/1mYsTxnqsietFxj1OgoGbG'}, 'href': 'https://api.spotify.com/v1/artists/1mYsTxnqsietFxj1OgoGbG', 'id': '1mYsTxnqsietFxj1OgoGbG', 'name': 'A.R. Rahman', 'type': 'artist', 'uri': 'spotify:artist:1mYsTxnqsietFxj1OgoGbG'}]",5.5251,False,40,2022-11-25 13:34:49,2xcX4329gzbTfJu6xc0Kui,A.R.RAHMAN VIBRATION,2013,album,A.R. Rahman,,1mYsTxnqsietFxj1OgoGbG,,0.708,0.886,1,-8.261,1,0.064,0.166,0.0,0.116,0.612,82,29731088,filmi,modern bollywood
39,33iY77PeBCX5WosXbg9aZf,Nenjae Yezhu,"[{'external_urls': {'spotify': 'https://open.spotify.com/artist/1mYsTxnqsietFxj1OgoGbG'}, 'href': 'https://api.spotify.com/v1/artists/1mYsTxnqsietFxj1OgoGbG', 'id': '1mYsTxnqsietFxj1OgoGbG', 'name': 'A.R. Rahman', 'type': 'artist', 'uri': 'spotify:artist:1mYsTxnqsietFxj1OgoGbG'}]",4.718666666666667,False,46,2022-11-25 13:02:43,4NHRsm0K6U2PhxFgNhEBby,Maryan (Original Motion Picture Soundtrack),2013,album,A.R. Rahman,,1mYsTxnqsietFxj1OgoGbG,,0.609,0.532,0,-8.175,1,0.0269,0.492,5.87e-05,0.0852,0.396,82,29731088,filmi,modern bollywood
34,2HNRJkntvhb1uBMErNl68C,VETTRIKKODI KATTU,"[{'external_urls': {'spotify': 'https://open.spotify.com/artist/0qS0rxCY4YfrUx9GCTlDIW'}, 'href': 'https://api.spotify.com/v1/artists/0qS0rxCY4YfrUx9GCTlDIW', 'id': '0qS0rxCY4YfrUx9GCTlDIW', 'name': 'Malaysia Vasudevan', 'type': 'artist', 'uri': 'spotify:artist:0qS0rxCY4YfrUx9GCTlDIW'}]",4.686,False,39,2022-11-25 13:29:17,2xcX4329gzbTfJu6xc0Kui,A.R.RAHMAN VIBRATION,2013,album,Malaysia Vasudevan,,0qS0rxCY4YfrUx9GCTlDIW,,0.779,0.816,7,-7.743,1,0.0543,0.36,4.49e-06,0.0537,0.879,59,1037243,classic kollywood,filmi
37,2LJfH2if0PSVIH7NsSnWAe,Nimirnthu Nil,"[{'external_urls': {'spotify': 'https://open.spotify.com/artist/1SJOL9HJ08YOn92lFcYf8a'}, 'href': 'https://api.spotify.com/v1/artists/1SJOL9HJ08YOn92lFcYf8a', 'id': '1SJOL9HJ08YOn92lFcYf8a', 'name': 'Shankar Mahadevan', 'type': 'artist', 'uri': 'spotify:artist:1SJOL9HJ08YOn92lFcYf8a'}]",4.882716666666667,False,42,2022-11-25 13:14:52,7nCzi9khVfSxH1nHYKoZ2p,Saroja,2018,album,Shankar Mahadevan,,1SJOL9HJ08YOn92lFcYf8a,,0.787,0.904,2,-4.287,0,0.164,0.656,0.00424,0.0685,0.581,76,6582079,filmi,modern bollywood
41,68SQB9JEA3YKYPFejBOH2S,Mun Sellada,"[{'external_urls': {'spotify': 'https://open.spotify.com/artist/5FVBduYaeVBb6JIghza7v6'}, 'href': 'https://api.spotify.com/v1/artists/5FVBduYaeVBb6JIghza7v6', 'id': '5FVBduYaeVBb6JIghza7v6', 'name': 'Santhosh Narayanan', 'type': 'artist', 'uri': 'spotify:artist:5FVBduYaeVBb6JIghza7v6'}, {'external_urls': {'spotify': 'https://open.spotify.com/artist/4zCH9qm4R2DADamUHMCa6O'}, 'href': 'https://api.spotify.com/v1/artists/4zCH9qm4R2DADamUHMCa6O', 'id': '4zCH9qm4R2DADamUHMCa6O', 'name': 'Anirudh Ravichander', 'type': 'artist', 'uri': 'spotify:artist:4zCH9qm4R2DADamUHMCa6O'}, {'external_urls': {'spotify': 'https://open.spotify.com/artist/5Ljk2MIIax91pypZ9Wcgaj'}, 'href': 'https://api.spotify.com/v1/artists/5Ljk2MIIax91pypZ9Wcgaj', 'id': '5Ljk2MIIax91pypZ9Wcgaj', 'name': 'ADK', 'type': 'artist', 'uri': 'spotify:artist:5Ljk2MIIax91pypZ9Wcgaj'}]",3.3251666666666666,False,50,2022-11-25 12:54:09,1DJsqgmok3ag4GxDWkcIlb,Manithan (Original Motion Picture Soundtrack),2016,album,Santhosh Narayanan,"Anirudh Ravichander, ADK",5FVBduYaeVBb6JIghza7v6,"4zCH9qm4R2DADamUHMCa6O, 5Ljk2MIIax91pypZ9Wcgaj",0.7,0.685,0,-8.686,0,0.0444,0.547,3.96e-05,0.269,0.481,71,1329884,filmi,tamil pop
42,6uo2vc2N2oPz53Wa2Q6wck,Pangaali,"[{'external_urls': {'spotify': 'https://open.spotify.com/artist/5FVBduYaeVBb6JIghza7v6'}, 'href': 'https://api.spotify.com/v1/artists/5FVBduYaeVBb6JIghza7v6', 'id': '5FVBduYaeVBb6JIghza7v6', 'name': 'Santhosh Narayanan', 'type': 'artist', 'uri': 'spotify:artist:5FVBduYaeVBb6JIghza7v6'}, {'external_urls': {'spotify': 'https://open.spotify.com/artist/3jw6WnDlhrKkNjgcp8JGQe'}, 'href': 'https://api.spotify.com/v1/artists/3jw6WnDlhrKkNjgcp8JGQe', 'id': '3jw6WnDlhrKkNjgcp8JGQe', 'name': 'Arunraja Kamaraj', 'type': 'artist', 'uri': 'spotify:artist:3jw6WnDlhrKkNjgcp8JGQe'}]",2.33235,False,39,2022-11-25 12:50:50,2OChbNOyvJEEaUjDKaZp4q,Kadhalum Kadanthu Pogum (Original Motion Picture Soundtrack),2016,album,Santhosh Narayanan,Arunraja Kamaraj,5FVBduYaeVBb6JIghza7v6,3jw6WnDlhrKkNjgcp8JGQe,0.732,0.62,1,-5.354,1,0.0809,0.0146,0.000402,0.106,0.618,71,1329884,filmi,tamil pop
43,76JxauQ8isYkpbFXRzRQGX,Yennai Arindhaal,"[{'external_urls': {'spotify': 'https://open.spotify.com/artist/29aw5YCdIw2FEXYyAJZI8l'}, 'href': 'https://api.spotify.com/v1/artists/29aw5YCdIw2FEXYyAJZI8l', 'id': '29aw5YCdIw2FEXYyAJZI8l', 'name': 'Harris Jayaraj', 'type': 'artist', 'uri': 'spotify:artist:29aw5YCdIw2FEXYyAJZI8l'}, {'external_urls': {'spotify': 'https://open.spotify.com/artist/1HUZ6vfsSWpfLoxjgDavEB'}, 'href': 'https://api.spotify.com/v1/artists/1HUZ6vfsSWpfLoxjgDavEB', 'id': '1HUZ6vfsSWpfLoxjgDavEB', 'name': 'Devan Ekambaram', 'type': 'artist', 'uri': 'spotify:artist:1HUZ6vfsSWpfLoxjgDavEB'}, {'external_urls': {'spotify': 'https://open.spotify.com/artist/7Dxsic9QYvxLTrnmGrYN1p'}, 'href': 'https://api.spotify.com/v1/artists/7Dxsic9QYvxLTrnmGrYN1p', 'id': '7Dxsic9QYvxLTrnmGrYN1p', 'name': 'Mark Thomas', 'type': 'artist', 'uri': 'spotify:artist:7Dxsic9QYvxLTrnmGrYN1p'}, {'external_urls': {'spotify': 'https://open.spotify.com/artist/1CwJfbAkP2ZyA2QaF3ZKgE'}, 'href': 'https://api.spotify.com/v1/artists/1CwJfbAkP2ZyA2QaF3ZKgE', 'id': '1CwJfbAkP2ZyA2QaF3ZKgE', 'name': 'Abhishek', 'type': 'artist', 'uri': 'spotify:artist:1CwJfbAkP2ZyA2QaF3ZKgE'}]",5.771566666666667,False,46,2022-11-25 12:48:29,38er9gISOMI0uQW90und0K,Yennai Arindhaal (Original Motion Picture Soundtrack),2015,album,Harris Jayaraj,"Devan Ekambaram, Mark Thomas, Abhishek",29aw5YCdIw2FEXYyAJZI8l,"1HUZ6vfsSWpfLoxjgDavEB, 7Dxsic9QYvxLTrnmGrYN1p, 1CwJfbAkP2ZyA2QaF3ZKgE",0.742,0.687,2,-8.646,1,0.0386,0.000459,0.135,0.7,0.0985,74,5069102,filmi,tamil pop
46,4D1Yg3cLMpEcJVol8TACBk,Damakku Damakku,"[{'external_urls': {'spotify': 'https://open.spotify.com/artist/29aw5YCdIw2FEXYyAJZI8l'}, 'href': 'https://api.spotify.com/v1/artists/29aw5YCdIw2FEXYyAJZI8l', 'id': '29aw5YCdIw2FEXYyAJZI8l', 'name': 'Harris Jayaraj', 'type': 'artist', 'uri': 'spotify:artist:29aw5YCdIw2FEXYyAJZI8l'}, {'external_urls': {'spotify': 'https://open.spotify.com/artist/61if35zz1W11GejEkxTLEQ'}, 'href': 'https://api.spotify.com/v1/artists/61if35zz1W11GejEkxTLEQ', 'id': '61if35zz1W11GejEkxTLEQ', 'name': 'Benny Dayal', 'type': 'artist', 'uri': 'spotify:artist:61if35zz1W11GejEkxTLEQ'}]",4.920433333333333,False,55,2022-11-25 12:34:38,6WlMOPi9Fg9Ang0AzFZdJu,Aadhavan (Original Motion Picture Soundtrack),2009,album,Harris Jayaraj,Benny Dayal,29aw5YCdIw2FEXYyAJZI8l,61if35zz1W11GejEkxTLEQ,0.795,0.694,9,-8.492,0,0.042,0.0421,0.000745,0.248,0.531,74,5069102,filmi,tamil pop
45,3OLnPo26zFl6V1vWZ78Sw3,"Porkkalam (From ""Aadukalam"") - Tamil Rap","[{'external_urls': {'spotify': 'https://open.spotify.com/artist/5VVN3xZw1i2qihfITZlvCZ'}, 'href': 'https://api.spotify.com/v1/artists/5VVN3xZw1i2qihfITZlvCZ', 'id': '5VVN3xZw1i2qihfITZlvCZ', 'name': 'G. V. Prakash', 'type': 'artist', 'uri': 'spotify:artist:5VVN3xZw1i2qihfITZlvCZ'}, {'external_urls': {'spotify': 'https://open.spotify.com/artist/614RN5ndeqpLlqg1yDbjtm'}, 'href': 'https://api.spotify.com/v1/artists/614RN5ndeqpLlqg1yDbjtm', 'id': '614RN5ndeqpLlqg1yDbjtm', 'name': 'Yogi B', 'type': 'artist', 'uri': 'spotify:artist:614RN5ndeqpLlqg1yDbjtm'}]",4.3417666666666666,False,43,2022-11-25 12:38:59,1or20US2Q1boLTyNb7pKxR,Dhanush Dhamaka,2014,album,G. V. Prakash,Yogi B,5VVN3xZw1i2qihfITZlvCZ,614RN5ndeqpLlqg1yDbjtm,0.849,0.768,8,-4.085,1,0.233,0.277,1.26e-06,0.332,0.774,73,5751054,filmi,tamil pop
49,6vvZ6zffrO1AEH0rIoMT5G,Vaanganna Vanakkanganna,"[{'external_urls': {'spotify': 'https://open.spotify.com/artist/5VVN3xZw1i2qihfITZlvCZ'}, 'href': 'https://api.spotify.com/v1/artists/5VVN3xZw1i2qihfITZlvCZ', 'id': '5VVN3xZw1i2qihfITZlvCZ', 'name': 'G. V. Prakash', 'type': 'artist', 'uri': 'spotify:artist:5VVN3xZw1i2qihfITZlvCZ'}, {'external_urls': {'spotify': 'https://open.spotify.com/artist/1eBHjBxiNA3gyEWEN7oRxM'}, 'href': 'https://api.spotify.com/v1/artists/1eBHjBxiNA3gyEWEN7oRxM', 'id': '1eBHjBxiNA3gyEWEN7oRxM', 'name': 'Vijay', 'type': 'artist', 'uri': 'spotify:artist:1eBHjBxiNA3gyEWEN7oRxM'}, {'external_urls': {'spotify': 'https://open.spotify.com/artist/1XSnkzdBVqG7z7YfAqt3Hl'}, 'href': 'https://api.spotify.com/v1/artists/1XSnkzdBVqG7z7YfAqt3Hl', 'id': '1XSnkzdBVqG7z7YfAqt3Hl', 'name': 'Santhanam', 'type': 'artist', 'uri': 'spotify:artist:1XSnkzdBVqG7z7YfAqt3Hl'}]",5.564216666666667,False,46,2022-11-25 12:19:36,2TO38aTfoMG3aR9DkFKQeQ,Thalaivaa (Original Motion Picture Soundtrack),2013,album,G. V. Prakash,"Vijay, Santhanam",5VVN3xZw1i2qihfITZlvCZ,"1eBHjBxiNA3gyEWEN7oRxM, 1XSnkzdBVqG7z7YfAqt3Hl",0.792,0.656,4,-8.129,1,0.4,0.733,2.68e-06,0.149,0.667,73,5751054,filmi,tamil pop
47,4xjaNv5CVb1HCwe1Jkwyj2,"Yuthame (Theme) (From ""Pokkiri"")","[{'external_urls': {'spotify': 'https://open.spotify.com/artist/3AMxH9QIPZbK8ND8C9j4Ss'}, 'href': 'https://api.spotify.com/v1/artists/3AMxH9QIPZbK8ND8C9j4Ss', 'id': '3AMxH9QIPZbK8ND8C9j4Ss', 'name': 'Mani Sharma', 'type': 'artist', 'uri': 'spotify:artist:3AMxH9QIPZbK8ND8C9j4Ss'}]",2.58155,False,32,2022-11-25 12:27:45,3ML3D2fO7nA1UoKN8jYIP5,Hits of Mani Sharma,2013,album,Mani Sharma,,3AMxH9QIPZbK8ND8C9j4Ss,,0.656,0.732,0,-7.241,0,0.0632,0.0737,0.0528,0.111,0.122,60,3084874,filmi,tollywood
48,2iIHGTEOmWdgpv96gmv9hJ,"Aadungada Enna Suthi (From ""Pokkiri"")","[{'external_urls': {'spotify': 'https://open.spotify.com/artist/4xbLzGsR7W5QMlLS08BNGt'}, 'href': 'https://api.spotify.com/v1/artists/4xbLzGsR7W5QMlLS08BNGt', 'id': '4xbLzGsR7W5QMlLS08BNGt', 'name': 'Naveen', 'type': 'artist', 'uri': 'spotify:artist:4xbLzGsR7W5QMlLS08BNGt'}]",4.4351,False,45,2022-11-25 12:25:10,0r0FLyJiN9gPtuEX6Tri0M,Singer Special - Naveen,2013,album,Naveen,,4xbLzGsR7W5QMlLS08BNGt,,0.692,0.983,4,-5.324,0,0.246,0.521,1.41e-05,0.132,0.558,55,35855,filmi,tamil pop
50,3JPY6LZEx3qtSAirFLykiP,Selfie Pulla,"[{'external_urls': {'spotify': 'https://open.spotify.com/artist/1eBHjBxiNA3gyEWEN7oRxM'}, 'href': 'https://api.spotify.com/v1/artists/1eBHjBxiNA3gyEWEN7oRxM', 'id': '1eBHjBxiNA3gyEWEN7oRxM', 'name': 'Vijay', 'type': 'artist', 'uri': 'spotify:artist:1eBHjBxiNA3gyEWEN7oRxM'}, {'external_urls': {'spotify': 'https://open.spotify.com/artist/3eDT9fwXKuHWFvgZaaYC5v'}, 'href': 'https://api.spotify.com/v1/artists/3eDT9fwXKuHWFvgZaaYC5v', 'id': '3eDT9fwXKuHWFvgZaaYC5v', 'name': 'Sunidhi Chauhan', 'type': 'artist', 'uri': 'spotify:artist:3eDT9fwXKuHWFvgZaaYC5v'}]",4.883333333333334,False,52,2022-11-24 14:42:45,6KQm58CrZcGxQ8G11Y4fCD,Kaththi (Original Motion Picture Soundtrack),2014,album,Vijay,Sunidhi Chauhan,1eBHjBxiNA3gyEWEN7oRxM,3eDT9fwXKuHWFvgZaaYC5v,0.714,0.959,8,-2.906,0,0.176,0.36,0.0,0.306,0.775,57,909669,filmi,tamil pop
