track_rank,track_id,track_name,artists,track_duration,track_is_explicit,track_popularity,album_id,album_name,album_release_year,album_type,artist_name,artist_name_others,artist_id,artist_id_others,track_danceability,track_energy,track_key,track_loudness,track_mode,track_speechiness,track_acousticness,track_instrumentalness,track_liveness,track_valence,artist_popularity,artist_followers,artist_genre,artist_genre_others
1,27nzJVsvXqXyeMIcVxvB54,Chola Chola,"[{'external_urls': {'spotify': 'https://open.spotify.com/artist/4sdcjfLzvLC1IUYFwCAWHn'}, 'href': 'https://api.spotify.com/v1/artists/4sdcjfLzvLC1IUYFwCAWHn', 'id': '4sdcjfLzvLC1IUYFwCAWHn', 'name': 'Sathyaprakash', 'type': 'artist', 'uri': 'spotify:artist:4sdcjfLzvLC1IUYFwCAWHn'}, {'external_urls': {'spotify': 'https://open.spotify.com/artist/3qjzGkAGKsCkJOieWWRz8k'}, 'href': 'https://api.spotify.com/v1/artists/3qjzGkAGKsCkJOieWWRz8k', 'id': '3qjzGkAGKsCkJOieWWRz8k', 'name': 'VM Mahalingam', 'type': 'artist', 'uri': 'spotify:artist:3qjzGkAGKsCkJOieWWRz8k'}, {'external_urls': {'spotify': 'https://open.spotify.com/artist/45dUPHFa2AoC4lqFTcPmiD'}, 'href': 'https://api.spotify.com/v1/artists/45dUPHFa2AoC4lqFTcPmiD', 'id': '45dUPHFa2AoC4lqFTcPmiD', 'name': 'Nakul Abhyankar', 'type': 'artist', 'uri': 'spotify:artist:45dUPHFa2AoC4lqFTcPmiD'}]",3.660633333333333,False,63,6efDS3Pp3DUkDnr5XgPyMN,Ponniyin Selvan Part-1 (Original Motion Picture Soundtrack),2022,album,Sathyaprakash,"VM Mahalingam, Nakul Abhyankar",4sdcjfLzvLC1IUYFwCAWHn,"3qjzGkAGKsCkJOieWWRz8k, 45dUPHFa2AoC4lqFTcPmiD",0.623,0.655,5,-9.998,0,0.203,0.304,0.0,0.18,0.749,62,129828,filmi,tamil pop
2,1n1IDjxVczGQoNg4GMl670,Ponni Nadhi,"[{'external_urls': {'spotify': 'https://open.spotify.com/artist/1mYsTxnqsietFxj1OgoGbG'}, 'href': 'https://api.spotify.com/v1/artists/1mYsTxnqsietFxj1OgoGbG', 'id': '1mYsTxnqsietFxj1OgoGbG', 'name': 'A.R. Rahman', 'type': 'artist', 'uri': 'spotify:artist:1mYsTxnqsietFxj1OgoGbG'}, {'external_urls': {'spotify': 'https://open.spotify.com/artist/7svWIUSwHbHQUw2gK1PfNh'}, 'href': 'https://api.spotify.com/v1/artists/7svWIUSwHbHQUw2gK1PfNh', 'id': '7svWIUSwHbHQUw2gK1PfNh', 'name': 'A. R. Reihana', 'type': 'artist', 'uri': 'spotify:artist:7svWIUSwHbHQUw2gK1PfNh'}, {'external_urls': {'spotify': 'https://open.spotify.com/artist/005ppBcDhgC9mj7CgRmv1D'}, 'href': 'https://api.spotify.com/v1/artists/005ppBcDhgC9mj7CgRmv1D', 'id': '005ppBcDhgC9mj7CgRmv1D', 'name': 'Bamba Bakya', 'type': 'artist', 'uri': 'spotify:artist:005ppBcDhgC9mj7CgRmv1D'}]",4.8421,False,52,6efDS3Pp3DUkDnr5XgPyMN,Ponniyin Selvan Part-1 (Original Motion Picture Soundtrack),2022,album,A.R. Rahman,"A. R. Reihana, Bamba Bakya",1mYsTxnqsietFxj1OgoGbG,"7svWIUSwHbHQUw2gK1PfNh, 005ppBcDhgC9mj7CgRmv1D",0.687,0.633,8,-9.552,1,0.141,0.119,0.0,0.291,0.567,82,29731088,filmi,modern bollywood
6,1O5AqyUHm8vH8XGr173ugY,Devaralan Aattam,"[{'external_urls': {'spotify': 'https://open.spotify.com/artist/1mYsTxnqsietFxj1OgoGbG'}, 'href': 'https://api.spotify.com/v1/artists/1mYsTxnqsietFxj1OgoGbG', 'id': '1mYsTxnqsietFxj1OgoGbG', 'name': 'A.R. Rahman', 'type': 'artist', 'uri': 'spotify:artist:1mYsTxnqsietFxj1OgoGbG'}, {'external_urls': {'spotify': 'https://open.spotify.com/artist/4n32jWbOVtfNDsOJAGQJcs'}, 'href': 'https://api.spotify.com/v1/artists/4n32jWbOVtfNDsOJAGQJcs', 'id': '4n32jWbOVtfNDsOJAGQJcs', 'name': 'Yogi Sekar', 'type': 'artist', 'uri': 'spotify:artist:4n32jWbOVtfNDsOJAGQJcs'}]",4.5538,False,52,6efDS3Pp3DUkDnr5XgPyMN,Ponniyin Selvan Part-1 (Original Motion Picture Soundtrack),2022,album,A.R. Rahman,Yogi Sekar,1mYsTxnqsietFxj1OgoGbG,4n32jWbOVtfNDsOJAGQJcs,0.828,0.707,8,-9.517,1,0.362,0.303,0.0,0.0646,0.441,82,29731088,filmi,modern bollywood
10,5g1i02FYQMmVj4L17Gis1C,Sol,"[{'external_urls': {'spotify': 'https://open.spotify.com/artist/1mYsTxnqsietFxj1OgoGbG'}, 'href': 'https://api.spotify.com/v1/artists/1mYsTxnqsietFxj1OgoGbG', 'id': '1mYsTxnqsietFxj1OgoGbG', 'name': 'A.R. Rahman', 'type': 'artist', 'uri': 'spotify:artist:1mYsTxnqsietFxj1OgoGbG'}, {'external_urls': {'spotify': 'https://open.spotify.com/artist/76Z6SMQPibr8qI24AhdvbJ'}, 'href': 'https://api.spotify.com/v1/artists/76Z6SMQPibr8qI24AhdvbJ', 'id': '76Z6SMQPibr8qI24AhdvbJ', 'name': 'Rakshita Suresh', 'type': 'artist', 'uri': 'spotify:artist:76Z6SMQPibr8qI24AhdvbJ'}]",2.2367333333333335,False,52,6efDS3Pp3DUkDnr5XgPyMN,Ponniyin Selvan Part-1 (Original Motion Picture Soundtrack),2022,album,A.R. Rahman,Rakshita Suresh,1mYsTxnqsietFxj1OgoGbG,76Z6SMQPibr8qI24AhdvbJ,0.697,0.271,0,-11.507,1,0.093,0.923,0.0,0.101,0.773,82,29731088,filmi,modern bollywood
12,7kcMEKsmqgfq68gSQk6F9c,Alaikadal,"[{'external_urls': {'spotify': 'https://open.spotify.com/artist/1mYsTxnqsietFxj1OgoGbG'}, 'href': 'https://api.spotify.com/v1/artists/1mYsTxnqsietFxj1OgoGbG', 'id': '1mYsTxnqsietFxj1OgoGbG', 'name': 'A.R. Rahman', 'type': 'artist', 'uri': 'spotify:artist:1mYsTxnqsietFxj1OgoGbG'}, {'external_urls': {'spotify': 'https://open.spotify.com/artist/5t0Sf8M5KByD2fIBiVKavT'}, 'href': 'https://api.spotify.com/v1/artists/5t0Sf8M5KByD2fIBiVKavT', 'id': '5t0Sf8M5KByD2fIBiVKavT', 'name': 'Antara Nandy', 'type': 'artist', 'uri': 'spotify:artist:5t0Sf8M5KByD2fIBiVKavT'}]",5.236783333333333,False,48,6efDS3Pp3DUkDnr5XgPyMN,Ponniyin Selvan Part-1 (Original Motion Picture Soundtrack),2022,album,A.R. Rahman,Antara Nandy,1mYsTxnqsietFxj1OgoGbG,5t0Sf8M5KByD2fIBiVKavT,0.441,0.308,11,-10.107,0,0.0407,0.958,0.000231,0.0638,0.292,82,29731088,filmi,modern bollywood
22,1uJ2czshFLqimctgvsxfv2,"Ponni Nadhi (From ""Ponniyin Selvan Part -1"") - Tamil","[{'external_urls': {'spotify': 'https://open.spotify.com/artist/1mYsTxnqsietFxj1OgoGbG'}, 'href': 'https://api.spotify.com/v1/artists/1mYsTxnqsietFxj1OgoGbG', 'id': '1mYsTxnqsietFxj1OgoGbG', 'name': 'A.R. Rahman', 'type': 'artist', 'uri': 'spotify:artist:1mYsTxnqsietFxj1OgoGbG'}, {'external_urls': {'spotify': 'https://open.spotify.com/artist/7svWIUSwHbHQUw2gK1PfNh'}, 'href': 'https://api.spotify.com/v1/artists/7svWIUSwHbHQUw2gK1PfNh', 'id': '7svWIUSwHbHQUw2gK1PfNh', 'name': 'A. R. Reihana', 'type': 'artist', 'uri': 'spotify:artist:7svWIUSwHbHQUw2gK1PfNh'}, {'external_urls': {'spotify': 'https://open.spotify.com/artist/005ppBcDhgC9mj7CgRmv1D'}, 'href': 'https://api.spotify.com/v1/artists/005ppBcDhgC9mj7CgRmv1D', 'id': '005ppBcDhgC9mj7CgRmv1D', 'name': 'Bamba Bakya', 'type': 'artist', 'uri': 'spotify:artist:005ppBcDhgC9mj7CgRmv1D'}]",4.8421,False,65,6uoefjrPMaieH3pKqBYDeM,"Ponni Nadhi (From ""Ponniyin Selvan Part -1"") [Original Motion Picture Soundtrack]",2022,album,A.R. Rahman,"A. R. Reihana, Bamba Bakya",1mYsTxnqsietFxj1OgoGbG,"7svWIUSwHbHQUw2gK1PfNh, 005ppBcDhgC9mj7CgRmv1D",0.687,0.637,10,-9.55,0,0.13,0.12,0.0,0.291,0.56,82,29731088,filmi,modern bollywood
29,3i7qScF9Oyp31O9bAutJez,Mallipoo,"[{'external_urls': {'spotify': 'https://open.spotify.com/artist/1mYsTxnqsietFxj1OgoGbG'}, 'href': 'https://api.spotify.com/v1/artists/1mYsTxnqsietFxj1OgoGbG', 'id': '1mYsTxnqsietFxj1OgoGbG', 'name': 'A.R. Rahman', 'type': 'artist', 'uri': 'spotify:artist:1mYsTxnqsietFxj1OgoGbG'}, {'external_urls': {'spotify': 'https://open.spotify.com/artist/1EKK9k0IAwV1oeJfZITSYo'}, 'href': 'https://api.spotify.com/v1/artists/1EKK9k0IAwV1oeJfZITSYo', 'id': '1EKK9k0IAwV1oeJfZITSYo', 'name': 'Madhushree', 'type': 'artist', 'uri': 'spotify:artist:1EKK9k0IAwV1oeJfZITSYo'}]",4.089416666666667,False,70,6ID1od4fd4L19s7ZjoCeW4,Vendhu Thanindhathu Kaadu (Original Motion Picture Soundtrack),2022,album,A.R. Rahman,Madhushree,1mYsTxnqsietFxj1OgoGbG,1EKK9k0IAwV1oeJfZITSYo,0.715,0.654,2,-7.266,1,0.336,0.196,0.000117,0.0667,0.762,82,29731088,filmi,modern bollywood
32,57IXQJZFawJUwC2PCKn56Y,"Chola Chola (From ""Ponniyin Selvan Part -1"")","[{'external_urls': {'spotify': 'https://open.spotify.com/artist/1mYsTxnqsietFxj1OgoGbG'}, 'href': 'https://api.spotify.com/v1/artists/1mYsTxnqsietFxj1OgoGbG', 'id': '1mYsTxnqsietFxj1OgoGbG', 'name': 'A.R. Rahman', 'type': 'artist', 'uri': 'spotify:artist:1mYsTxnqsietFxj1OgoGbG'}, {'external_urls': {'spotify': 'https://open.spotify.com/artist/4sdcjfLzvLC1IUYFwCAWHn'}, 'href': 'https://api.spotify.com/v1/artists/4sdcjfLzvLC1IUYFwCAWHn', 'id': '4sdcjfLzvLC1IUYFwCAWHn', 'name': 'Sathyaprakash', 'type': 'artist', 'uri': 'spotify:artist:4sdcjfLzvLC1IUYFwCAWHn'}, {'external_urls': {'spotify': 'https://open.spotify.com/artist/3qjzGkAGKsCkJOieWWRz8k'}, 'href': 'https://api.spotify.com/v1/artists/3qjzGkAGKsCkJOieWWRz8k', 'id': '3qjzGkAGKsCkJOieWWRz8k', 'name': 'VM Mahalingam', 'type': 'artist', 'uri': 'spotify:artist:3qjzGkAGKsCkJOieWWRz8k'}, {'external_urls': {'spotify': 'https://open.spotify.com/artist/45dUPHFa2AoC4lqFTcPmiD'}, 'href': 'https://api.spotify.com/v1/artists/45dUPHFa2AoC4lqFTcPmiD', 'id': '45dUPHFa2AoC4lqFTcPmiD', 'name': 'Nakul Abhyankar', 'type': 'artist', 'uri': 'spotify:artist:45dUPHFa2AoC4lqFTcPmiD'}]",3.660633333333333,False,55,5uCYqYEE1chVUqhmYhwUhP,"Chola Chola (From ""Ponniyin Selvan Part -1"") [Original Motion Picture Soundtrack]",2022,album,A.R. Rahman,"Sathyaprakash, VM Mahalingam, Nakul Abhyankar",1mYsTxnqsietFxj1OgoGbG,"4sdcjfLzvLC1IUYFwCAWHn, 3qjzGkAGKsCkJOieWWRz8k, 45dUPHFa2AoC4lqFTcPmiD",0.76,0.651,5,-9.997,0,0.173,0.308,0.0,0.177,0.714,82,29731088,filmi,modern bollywood
3,7e6J0HgooHYVi4SwdOB2OM,Eyy Bidda Idhi Naa Adda,"[{'external_urls': {'spotify': 'https://open.spotify.com/artist/4kq8z3vydHjPDggxb16ErB'}, 'href': 'https://api.spotify.com/v1/artists/4kq8z3vydHjPDggxb16ErB', 'id': '4kq8z3vydHjPDggxb16ErB', 'name': 'Nakash Aziz', 'type': 'artist', 'uri': 'spotify:artist:4kq8z3vydHjPDggxb16ErB'}]",3.934283333333333,False,55,5zbEyyUitcIooNso1k3wZO,Pushpa - The Rise,2021,album,Nakash Aziz,,4kq8z3vydHjPDggxb16ErB,,0.728,0.861,0,-5.852,1,0.165,0.2,0.00106,0.0256,0.662,69,178130,desi pop,"filmi, modern bollywood"
4,26aOnndLckt8uAsk6odL5n,Ratchasa Maamaney,"[{'external_urls': {'spotify': 'https://open.spotify.com/artist/0oOet2f43PA68X5RxKobEy'}, 'href': 'https://api.spotify.com/v1/artists/0oOet2f43PA68X5RxKobEy', 'id': '0oOet2f43PA68X5RxKobEy', 'name': 'Shreya Ghoshal', 'type': 'artist', 'uri': 'spotify:artist:0oOet2f43PA68X5RxKobEy'}, {'external_urls': {'spotify': 'https://open.spotify.com/artist/4kFcACv63ngx7w0d5HGeMR'}, 'href': 'https://api.spotify.com/v1/artists/4kFcACv63ngx7w0d5HGeMR', 'id': '4kFcACv63ngx7w0d5HGeMR', 'name': 'Palakad Sreeram', 'type': 'artist', 'uri': 'spotify:artist:4kFcACv63ngx7w0d5HGeMR'}, {'external_urls': {'spotify': 'https://open.spotify.com/artist/3dLyuHSyFYR1OeWA67LBUC'}, 'href': 'https://api.spotify.com/v1/artists/3dLyuHSyFYR1OeWA67LBUC', 'id': '3dLyuHSyFYR1OeWA67LBUC', 'name': 'Mahesh Vinayakram', 'type': 'artist', 'uri': 'spotify:artist:3dLyuHSyFYR1OeWA67LBUC'}]",4.832366666666666,False,58,6efDS3Pp3DUkDnr5XgPyMN,Ponniyin Selvan Part-1 (Original Motion Picture Soundtrack),2022,album,Shreya Ghoshal,"Palakad Sreeram, Mahesh Vinayakram",0oOet2f43PA68X5RxKobEy,"4kFcACv63ngx7w0d5HGeMR, 3dLyuHSyFYR1OeWA67LBUC",0.546,0.786,4,-9.486,1,0.212,0.349,1.35e-06,0.109,0.434,82,16046340,desi pop,"filmi, modern bollywood"
5,5WWplXimzIjlJiN2N7T9Q3,"Pathala Pathala (From ""Vikram"")","[{'external_urls': {'spotify': 'https://open.spotify.com/artist/4zCH9qm4R2DADamUHMCa6O'}, 'href': 'https://api.spotify.com/v1/artists/4zCH9qm4R2DADamUHMCa6O', 'id': '4zCH9qm4R2DADamUHMCa6O', 'name': 'Anirudh Ravichander', 'type': 'artist', 'uri': 'spotify:artist:4zCH9qm4R2DADamUHMCa6O'}, {'external_urls': {'spotify': 'https://open.spotify.com/artist/5asJ8jtjk36r5PW5upyJm6'}, 'href': 'https://api.spotify.com/v1/artists/5asJ8jtjk36r5PW5upyJm6', 'id': '5asJ8jtjk36r5PW5upyJm6', 'name': 'Kamal Haasan', 'type': 'artist', 'uri': 'spotify:artist:5asJ8jtjk36r5PW5upyJm6'}]",3.523066666666667,False,66,4ngv1dF4dr1Hz37qanw0IO,"Pathala Pathala (From ""Vikram"")",2022,album,Anirudh Ravichander,Kamal Haasan,4zCH9qm4R2DADamUHMCa6O,5asJ8jtjk36r5PW5upyJm6,0.826,0.779,0,-5.609,1,0.375,0.35,0.0,0.0657,0.936,85,16339229,desi hip hop,"filmi, tamil hip hop"
13,6FQQiTpYnfc5803p84bQp1,Vikram - Title Track,"[{'external_urls': {'spotify': 'https://open.spotify.com/artist/4zCH9qm4R2DADamUHMCa6O'}, 'href': 'https://api.spotify.com/v1/artists/4zCH9qm4R2DADamUHMCa6O', 'id': '4zCH9qm4R2DADamUHMCa6O', 'name': 'Anirudh Ravichander', 'type': 'artist', 'uri': 'spotify:artist:4zCH9qm4R2DADamUHMCa6O'}]",3.64705,False,67,0FIP7MeIO3yqL8K6uTz3b1,Vikram (Original Motion Picture Soundtrack),2022,album,Anirudh Ravichander,,4zCH9qm4R2DADamUHMCa6O,,0.638,0.842,7,-5.305,0,0.0524,0.174,0.000356,0.126,0.145,85,16339229,desi hip hop,"filmi, tamil hip hop"
14,12LE4Omy9ze8xTOMofMVB3,"Porkanda Singam (EDM Version) [From ""Vikram""]","[{'external_urls': {'spotify': 'https://open.spotify.com/artist/4zCH9qm4R2DADamUHMCa6O'}, 'href': 'https://api.spotify.com/v1/artists/4zCH9qm4R2DADamUHMCa6O', 'id': '4zCH9qm4R2DADamUHMCa6O', 'name': 'Anirudh Ravichander', 'type': 'artist', 'uri': 'spotify:artist:4zCH9qm4R2DADamUHMCa6O'}]",2.49055,False,58,4GU1vqDAiySfL0K3sXLpT2,"Porkanda Singam (EDM Version) [From ""Vikram""]",2022,album,Anirudh Ravichander,,4zCH9qm4R2DADamUHMCa6O,,0.685,0.755,11,-6.045,0,0.0476,0.102,0.194,0.159,0.422,85,16339229,desi hip hop,"filmi, tamil hip hop"
24,4wCy7erulqUfFQNVaZBD9b,Once Upon a Time,"[{'external_urls': {'spotify': 'https://open.spotify.com/artist/4zCH9qm4R2DADamUHMCa6O'}, 'href': 'https://api.spotify.com/v1/artists/4zCH9qm4R2DADamUHMCa6O', 'id': '4zCH9qm4R2DADamUHMCa6O', 'name': 'Anirudh Ravichander', 'type': 'artist', 'uri': 'spotify:artist:4zCH9qm4R2DADamUHMCa6O'}]",2.39515,False,64,0FIP7MeIO3yqL8K6uTz3b1,Vikram (Original Motion Picture Soundtrack),2022,album,Anirudh Ravichander,,4zCH9qm4R2DADamUHMCa6O,,0.646,0.879,1,-3.668,1,0.0823,0.00659,0.0607,0.117,0.429,85,16339229,desi hip hop,"filmi, tamil hip hop"
26,0iJPMG79hgWnDHjufnoplb,Porkanda Singam EDM Version (Additional Song),"[{'external_urls': {'spotify': 'https://open.spotify.com/artist/4zCH9qm4R2DADamUHMCa6O'}, 'href': 'https://api.spotify.com/v1/artists/4zCH9qm4R2DADamUHMCa6O', 'id': '4zCH9qm4R2DADamUHMCa6O', 'name': 'Anirudh Ravichander', 'type': 'artist', 'uri': 'spotify:artist:4zCH9qm4R2DADamUHMCa6O'}]",2.49055,False,53,6S5qpNyT3ZAg7m0e2XSOqx,Vikram (Original Background Score),2022,album,Anirudh Ravichander,,4zCH9qm4R2DADamUHMCa6O,,0.687,0.769,11,-5.604,0,0.0464,0.105,0.256,0.159,0.413,85,16339229,desi hip hop,"filmi, tamil hip hop"
30,2dpMdklbSc5CmZ3ijhknZ5,Wasted,"[{'external_urls': {'spotify': 'https://open.spotify.com/artist/4zCH9qm4R2DADamUHMCa6O'}, 'href': 'https://api.spotify.com/v1/artists/4zCH9qm4R2DADamUHMCa6O', 'id': '4zCH9qm4R2DADamUHMCa6O', 'name': 'Anirudh Ravichander', 'type': 'artist', 'uri': 'spotify:artist:4zCH9qm4R2DADamUHMCa6O'}]",3.0434666666666668,False,55,0FIP7MeIO3yqL8K6uTz3b1,Vikram (Original Motion Picture Soundtrack),2022,album,Anirudh Ravichander,,4zCH9qm4R2DADamUHMCa6O,,0.651,0.827,10,-5.108,0,0.0319,0.00162,0.0902,0.0803,0.851,85,16339229,desi hip hop,"filmi, tamil hip hop"
34,4HdzYTQiouB9BVYX7JOrhh,"Jalabulajangu (From ""Don"")","[{'external_urls': {'spotify': 'https://open.spotify.com/artist/4zCH9qm4R2DADamUHMCa6O'}, 'href': 'https://api.spotify.com/v1/artists/4zCH9qm4R2DADamUHMCa6O', 'id': '4zCH9qm4R2DADamUHMCa6O', 'name': 'Anirudh Ravichander', 'type': 'artist', 'uri': 'spotify:artist:4zCH9qm4R2DADamUHMCa6O'}, {'external_urls': {'spotify': 'https://open.spotify.com/artist/6R33h8YbB5fFg8RdJdQ6bL'}, 'href': 'https://api.spotify.com/v1/artists/6R33h8YbB5fFg8RdJdQ6bL', 'id': '6R33h8YbB5fFg8RdJdQ6bL', 'name': 'Rokesh', 'type': 'artist', 'uri': 'spotify:artist:6R33h8YbB5fFg8RdJdQ6bL'}]",3.3767833333333335,False,63,3cXSg3K9z6fZAd1lWmqvrc,"Jalabulajangu (From ""Don"")",2021,album,Anirudh Ravichander,Rokesh,4zCH9qm4R2DADamUHMCa6O,6R33h8YbB5fFg8RdJdQ6bL,0.635,0.823,7,-5.437,0,0.153,0.0261,0.0,0.0481,0.457,85,16339229,desi hip hop,"filmi, tamil hip hop"
38,1aQ58u4guUf999iQX3J2HF,"Beast Mode (From ""Beast"")","[{'external_urls': {'spotify': 'https://open.spotify.com/artist/4zCH9qm4R2DADamUHMCa6O'}, 'href': 'https://api.spotify.com/v1/artists/4zCH9qm4R2DADamUHMCa6O', 'id': '4zCH9qm4R2DADamUHMCa6O', 'name': 'Anirudh Ravichander', 'type': 'artist', 'uri': 'spotify:artist:4zCH9qm4R2DADamUHMCa6O'}]",3.6725,False,62,0gTZnvc3F1cHmJTTe9OBGb,"Beast Mode (From ""Beast"")",2022,album,Anirudh Ravichander,,4zCH9qm4R2DADamUHMCa6O,,0.584,0.847,2,-5.106,1,0.0933,0.00105,0.000525,0.333,0.371,85,16339229,desi hip hop,"filmi, tamil hip hop"
7,4KW1lqgSr8TKrvBII0Brf8,Father Stretch My Hands Pt. 1,"[{'external_urls': {'spotify': 'https://open.spotify.com/artist/5K4W6rqBFWDnAN6FQUkS6x'}, 'href': 'https://api.spotify.com/v1/artists/5K4W6rqBFWDnAN6FQUkS6x', 'id': '5K4W6rqBFWDnAN6FQUkS6x', 'name': 'Kanye West', 'type': 'artist', 'uri': 'spotify:artist:5K4W6rqBFWDnAN6FQUkS6x'}]",2.2653333333333334,True,78,7gsWAHLeT0w7es6FofOXk1,The Life Of Pablo,2016,album,Kanye West,,5K4W6rqBFWDnAN6FQUkS6x,,0.724,0.573,7,-4.113,1,0.0549,0.118,0.0,0.538,0.438,92,19300478,chicago rap,rap
15,0j2T0R9dR9qdJYsB7ciXhf,Stronger,"[{'external_urls': {'spotify': 'https://open.spotify.com/artist/5K4W6rqBFWDnAN6FQUkS6x'}, 'href': 'https://api.spotify.com/v1/artists/5K4W6rqBFWDnAN6FQUkS6x', 'id': '5K4W6rqBFWDnAN6FQUkS6x', 'name': 'Kanye West', 'type': 'artist', 'uri': 'spotify:artist:5K4W6rqBFWDnAN6FQUkS6x'}]",5.197766666666666,True,77,4SZko61aMnmgvNhfhgTuD3,Graduation,2007,album,Kanye West,,5K4W6rqBFWDnAN6FQUkS6x,,0.617,0.717,10,-7.858,0,0.153,0.00564,0.0,0.408,0.49,92,19300478,chicago rap,rap
31,6MXXY2eiWkpDCezVCc0cMH,Good Morning,"[{'external_urls': {'spotify': 'https://open.spotify.com/artist/5K4W6rqBFWDnAN6FQUkS6x'}, 'href': 'https://api.spotify.com/v1/artists/5K4W6rqBFWDnAN6FQUkS6x', 'id': '5K4W6rqBFWDnAN6FQUkS6x', 'name': 'Kanye West', 'type': 'artist', 'uri': 'spotify:artist:5K4W6rqBFWDnAN6FQUkS6x'}]",3.25155,True,68,4SZko61aMnmgvNhfhgTuD3,Graduation,2007,album,Kanye West,,5K4W6rqBFWDnAN6FQUkS6x,,0.48,0.631,7,-5.488,1,0.116,0.0791,0.000105,0.149,0.515,92,19300478,chicago rap,rap
33,7rbECVPkY5UODxoOUVKZnA,I Wonder,"[{'external_urls': {'spotify': 'https://open.spotify.com/artist/5K4W6rqBFWDnAN6FQUkS6x'}, 'href': 'https://api.spotify.com/v1/artists/5K4W6rqBFWDnAN6FQUkS6x', 'id': '5K4W6rqBFWDnAN6FQUkS6x', 'name': 'Kanye West', 'type': 'artist', 'uri': 'spotify:artist:5K4W6rqBFWDnAN6FQUkS6x'}]",4.057333333333333,True,77,4SZko61aMnmgvNhfhgTuD3,Graduation,2007,album,Kanye West,,5K4W6rqBFWDnAN6FQUkS6x,,0.542,0.466,0,-8.665,1,0.0831,0.141,0.000445,0.125,0.124,92,19300478,chicago rap,rap
36,1Wsbr1d2BouNGk2q92mIj7,Pt. 2,"[{'external_urls': {'spotify': 'https://open.spotify.com/artist/5K4W6rqBFWDnAN6FQUkS6x'}, 'href': 'https://api.spotify.com/v1/artists/5K4W6rqBFWDnAN6FQUkS6x', 'id': '5K4W6rqBFWDnAN6FQUkS6x', 'name': 'Kanye West', 'type': 'artist', 'uri': 'spotify:artist:5K4W6rqBFWDnAN6FQUkS6x'}]",2.17155,True,62,7gsWAHLeT0w7es6FofOXk1,The Life Of Pablo,2016,album,Kanye West,,5K4W6rqBFWDnAN6FQUkS6x,,0.674,0.752,11,-4.073,1,0.333,0.552,0.0,0.787,0.236,92,19300478,chicago rap,rap
39,5g1vtHqi9uV7xtYeCcFOBx,Jesus Walks,"[{'external_urls': {'spotify': 'https://open.spotify.com/artist/5K4W6rqBFWDnAN6FQUkS6x'}, 'href': 'https://api.spotify.com/v1/artists/5K4W6rqBFWDnAN6FQUkS6x', 'id': '5K4W6rqBFWDnAN6FQUkS6x', 'name': 'Kanye West', 'type': 'artist', 'uri': 'spotify:artist:5K4W6rqBFWDnAN6FQUkS6x'}]",3.2288833333333335,True,66,4Uv86qWpGTxf7fU7lG5X6F,The College Dropout,2004,album,Kanye West,,5K4W6rqBFWDnAN6FQUkS6x,,0.637,0.834,3,-4.686,0,0.323,0.614,0.0,0.317,0.715,92,19300478,chicago rap,rap
8,4wMpv5KCDYSCQ0rWwKON0E,"Ole Melody - From ""Thallumaala""","[{'external_urls': {'spotify': 'https://open.spotify.com/artist/1QvyquqkuuwUzdszyoKIy4'}, 'href': 'https://api.spotify.com/v1/artists/1QvyquqkuuwUzdszyoKIy4', 'id': '1QvyquqkuuwUzdszyoKIy4', 'name': 'Haricharan', 'type': 'artist', 'uri': 'spotify:artist:1QvyquqkuuwUzdszyoKIy4'}, {'external_urls': {'spotify': 'https://open.spotify.com/artist/61if35zz1W11GejEkxTLEQ'}, 'href': 'https://api.spotify.com/v1/artists/61if35zz1W11GejEkxTLEQ', 'id': '61if35zz1W11GejEkxTLEQ', 'name': 'Benny Dayal', 'type': 'artist', 'uri': 'spotify:artist:61if35zz1W11GejEkxTLEQ'}, {'external_urls': {'spotify': 'https://open.spotify.com/artist/51eSy32QYrEMTI6IVDtDWt'}, 'href': 'https://api.spotify.com/v1/artists/51eSy32QYrEMTI6IVDtDWt', 'id': '51eSy32QYrEMTI6IVDtDWt', 'name': 'Salim Kumar', 'type': 'artist', 'uri': 'spotify:artist:51eSy32QYrEMTI6IVDtDWt'}, {'external_urls': {'spotify': 'https://open.spotify.com/artist/2einniD11Dbvrwy5nWmn4p'}, 'href': 'https://api.spotify.com/v1/artists/2einniD11Dbvrwy5nWmn4p', 'id': '2einniD11Dbvrwy5nWmn4p', 'name': 'Vishnu Vijay', 'type': 'artist', 'uri': 'spotify:artist:2einniD11Dbvrwy5nWmn4p'}]",4.033416666666667,False,55,09coDJ0hDNRUkN3qJnGfIy,Thallumaala,2022,album,Haricharan,"Benny Dayal, Salim Kumar, Vishnu Vijay",1QvyquqkuuwUzdszyoKIy4,"61if35zz1W11GejEkxTLEQ, 51eSy32QYrEMTI6IVDtDWt, 2einniD11Dbvrwy5nWmn4p",0.752,0.452,0,-11.4,1,0.35,0.142,0.000184,0.235,0.842,71,1789122,filmi,tamil pop
9,4Li2WHPkuyCdtmokzW2007,Ni**as In Paris,"[{'external_urls': {'spotify': 'https://open.spotify.com/artist/3nFkdlSjzX9mRTtwJOzDYB'}, 'href': 'https://api.spotify.com/v1/artists/3nFkdlSjzX9mRTtwJOzDYB', 'id': '3nFkdlSjzX9mRTtwJOzDYB', 'name': 'JAY-Z', 'type': 'artist', 'uri': 'spotify:artist:3nFkdlSjzX9mRTtwJOzDYB'}, {'external_urls': {'spotify': 'https://open.spotify.com/artist/5K4W6rqBFWDnAN6FQUkS6x'}, 'href': 'https://api.spotify.com/v1/artists/5K4W6rqBFWDnAN6FQUkS6x', 'id': '5K4W6rqBFWDnAN6FQUkS6x', 'name': 'Kanye West', 'type': 'artist', 'uri': 'spotify:artist:5K4W6rqBFWDnAN6FQUkS6x'}]",3.65555,True,80,2P2Xwvh2xWXIZ1OWY9S9o5,Watch The Throne (Deluxe),2011,album,JAY-Z,Kanye West,3nFkdlSjzX9mRTtwJOzDYB,5K4W6rqBFWDnAN6FQUkS6x,0.789,0.858,1,-5.542,1,0.311,0.127,0.0,0.349,0.775,86,7972834,east coast hip hop,"hip hop, rap"
11,0Kb9CqpIJwCVFbnIDpSahK,"Kannil Pettole - From ""Thallumaala""","[{'external_urls': {'spotify': 'https://open.spotify.com/artist/2einniD11Dbvrwy5nWmn4p'}, 'href': 'https://api.spotify.com/v1/artists/2einniD11Dbvrwy5nWmn4p', 'id': '2einniD11Dbvrwy5nWmn4p', 'name': 'Vishnu Vijay', 'type': 'artist', 'uri': 'spotify:artist:2einniD11Dbvrwy5nWmn4p'}, {'external_urls': {'spotify': 'https://open.spotify.com/artist/2yjjNifzaKhrRnHlOx2YH1'}, 'href': 'https://api.spotify.com/v1/artists/2yjjNifzaKhrRnHlOx2YH1', 'id': '2yjjNifzaKhrRnHlOx2YH1', 'name': 'Irfana', 'type': 'artist', 'uri': 'spotify:artist:2yjjNifzaKhrRnHlOx2YH1'}]",2.924,False,43,09coDJ0hDNRUkN3qJnGfIy,Thallumaala,2022,album,Vishnu Vijay,Irfana,2einniD11Dbvrwy5nWmn4p,2yjjNifzaKhrRnHlOx2YH1,0.837,0.583,2,-11.581,1,0.144,0.121,6.78e-06,0.115,0.672,57,108989,mollywood,
23,5oxm5PgCM5dozyJrcVKoTR,"Ndaakkippaattu - From ""Thallumaala""","[{'external_urls': {'spotify': 'https://open.spotify.com/artist/2einniD11Dbvrwy5nWmn4p'}, 'href': 'https://api.spotify.com/v1/artists/2einniD11Dbvrwy5nWmn4p', 'id': '2einniD11Dbvrwy5nWmn4p', 'name': 'Vishnu Vijay', 'type': 'artist', 'uri': 'spotify:artist:2einniD11Dbvrwy5nWmn4p'}, {'external_urls': {'spotify': 'https://open.spotify.com/artist/3XWAR1WQqUVGGXmiPhrILk'}, 'href': 'https://api.spotify.com/v1/artists/3XWAR1WQqUVGGXmiPhrILk', 'id': '3XWAR1WQqUVGGXmiPhrILk', 'name': 'Muhsin Parari', 'type': 'artist', 'uri': 'spotify:artist:3XWAR1WQqUVGGXmiPhrILk'}, {'external_urls': {'spotify': 'https://open.spotify.com/artist/4sOq2wyRjNnnYNhpM24NdI'}, 'href': 'https://api.spotify.com/v1/artists/4sOq2wyRjNnnYNhpM24NdI', 'id': '4sOq2wyRjNnnYNhpM24NdI', 'name': 'Shenbagaraj', 'type': 'artist', 'uri': 'spotify:artist:4sOq2wyRjNnnYNhpM24NdI'}, {'external_urls': {'spotify': 'https://open.spotify.com/artist/4nWXekqN93Tx8hJUJwR66n'}, 'href': 'https://api.spotify.com/v1/artists/4nWXekqN93Tx8hJUJwR66n', 'id': '4nWXekqN93Tx8hJUJwR66n', 'name': 'Santhosh Hariharan', 'type': 'artist', 'uri': 'spotify:artist:4nWXekqN93Tx8hJUJwR66n'}, {'external_urls': {'spotify': 'https://open.spotify.com/artist/3wpXjzhk28rcKvr1YCals3'}, 'href': 'https://api.spotify.com/v1/artists/3wpXjzhk28rcKvr1YCals3', 'id': '3wpXjzhk28rcKvr1YCals3', 'name': 'Sreeraj', 'type': 'artist', 'uri': 'spotify:artist:3wpXjzhk28rcKvr1YCals3'}, {'external_urls': {'spotify': 'https://open.spotify.com/artist/6zsk60lj6oDglScM2zEJGM'}, 'href': 'https://api.spotify.com/v1/artists/6zsk60lj6oDglScM2zEJGM', 'id': '6zsk60lj6oDglScM2zEJGM', 'name': 'Swathi Das', 'type': 'artist', 'uri': 'spotify:artist:6zsk60lj6oDglScM2zEJGM'}, {'external_urls': {'spotify': 'https://open.spotify.com/artist/3jITTWQp6MnHqrAVTlbDAC'}, 'href': 'https://api.spotify.com/v1/artists/3jITTWQp6MnHqrAVTlbDAC', 'id': '3jITTWQp6MnHqrAVTlbDAC', 'name': 'Austin Dan', 'type': 'artist', 'uri': 'spotify:artist:3jITTWQp6MnHqrAVTlbDAC'}, {'external_urls': {'spotify': 'https://open.spotify.com/artist/20OMxRYA8ix5M2GpcL8WYl'}, 'href': 'https://api.spotify.com/v1/artists/20OMxRYA8ix5M2GpcL8WYl', 'id': '20OMxRYA8ix5M2GpcL8WYl', 'name': 'Lukman Avaran', 'type': 'artist', 'uri': 'spotify:artist:20OMxRYA8ix5M2GpcL8WYl'}, {'external_urls': {'spotify': 'https://open.spotify.com/artist/3vGUauqWkTX6HSSd3IyWt3'}, 'href': 'https://api.spotify.com/v1/artists/3vGUauqWkTX6HSSd3IyWt3', 'id': '3vGUauqWkTX6HSSd3IyWt3', 'name': 'Adri Joe', 'type': 'artist', 'uri': 'spotify:artist:3vGUauqWkTX6HSSd3IyWt3'}, {'external_urls': {'spotify': 'https://open.spotify.com/artist/1L0yffdgJHy8CvxNj5V81K'}, 'href': 'https://api.spotify.com/v1/artists/1L0yffdgJHy8CvxNj5V81K', 'id': '1L0yffdgJHy8CvxNj5V81K', 'name': 'Gokulan', 'type': 'artist', 'uri': 'spotify:artist:1L0yffdgJHy8CvxNj5V81K'}, {'external_urls': {'spotify': 'https://open.spotify.com/artist/2nStlZReIQFLxGXrG5Ir7g'}, 'href': 'https://api.spotify.com/v1/artists/2nStlZReIQFLxGXrG5Ir7g', 'id': '2nStlZReIQFLxGXrG5Ir7g', 'name': 'Binu Pappu', 'type': 'artist', 'uri': 'spotify:artist:2nStlZReIQFLxGXrG5Ir7g'}]",2.6652666666666667,False,40,09coDJ0hDNRUkN3qJnGfIy,Thallumaala,2022,album,Vishnu Vijay,"Muhsin Parari, Shenbagaraj, Santhosh Hariharan, Sreeraj, Swathi Das, Austin Dan, Lukman Avaran, Adri Joe, Gokulan, Binu Pappu",2einniD11Dbvrwy5nWmn4p,"3XWAR1WQqUVGGXmiPhrILk, 4sOq2wyRjNnnYNhpM24NdI, 4nWXekqN93Tx8hJUJwR66n, 3wpXjzhk28rcKvr1YCals3, 6zsk60lj6oDglScM2zEJGM, 3jITTWQp6MnHqrAVTlbDAC, 20OMxRYA8ix5M2GpcL8WYl, 3vGUauqWkTX6HSSd3IyWt3, 1L0yffdgJHy8CvxNj5V81K, 2nStlZReIQFLxGXrG5Ir7g",0.696,0.84,7,-9.42,1,0.251,0.149,0.000961,0.232,0.663,57,108989,mollywood,
16,7MXVkk9YMctZqd1Srtv4MB,Starboy,"[{'external_urls': {'spotify': 'https://open.spotify.com/artist/1Xyo4u8uXC1ZmMpatF05PJ'}, 'href': 'https://api.spotify.com/v1/artists/1Xyo4u8uXC1ZmMpatF05PJ', 'id': '1Xyo4u8uXC1ZmMpatF05PJ', 'name': 'The Weeknd', 'type': 'artist', 'uri': 'spotify:artist:1Xyo4u8uXC1ZmMpatF05PJ'}, {'external_urls': {'spotify': 'https://open.spotify.com/artist/4tZwfgrHOc3mvqYlEYSvVi'}, 'href': 'https://api.spotify.com/v1/artists/4tZwfgrHOc3mvqYlEYSvVi', 'id': '4tZwfgrHOc3mvqYlEYSvVi', 'name': 'Daft Punk', 'type': 'artist', 'uri': 'spotify:artist:4tZwfgrHOc3mvqYlEYSvVi'}]",3.840883333333333,True,88,2ODvWsOgouMbaA5xf0RkJe,Starboy,2016,album,The Weeknd,Daft Punk,1Xyo4u8uXC1ZmMpatF05PJ,4tZwfgrHOc3mvqYlEYSvVi,0.679,0.587,7,-7.015,1,0.276,0.141,6.35e-06,0.137,0.486,98,58390607,canadian contemporary r&b,"canadian pop, pop"
43,0VjIjW4GlUZAMYd2vXMi3b,Blinding Lights,"[{'external_urls': {'spotify': 'https://open.spotify.com/artist/1Xyo4u8uXC1ZmMpatF05PJ'}, 'href': 'https://api.spotify.com/v1/artists/1Xyo4u8uXC1ZmMpatF05PJ', 'id': '1Xyo4u8uXC1ZmMpatF05PJ', 'name': 'The Weeknd', 'type': 'artist', 'uri': 'spotify:artist:1Xyo4u8uXC1ZmMpatF05PJ'}]",3.334,False,87,4yP0hdKOZPNshxUOjY0cZj,After Hours,2020,album,The Weeknd,,1Xyo4u8uXC1ZmMpatF05PJ,,0.514,0.73,1,-5.934,1,0.0598,0.00146,9.54e-05,0.0897,0.334,98,58390607,canadian contemporary r&b,"canadian pop, pop"
17,1rDQ4oMwGJI7B4tovsBOxc,First Class,"[{'external_urls': {'spotify': 'https://open.spotify.com/artist/2LIk90788K0zvyj2JJVwkJ'}, 'href': 'https://api.spotify.com/v1/artists/2LIk90788K0zvyj2JJVwkJ', 'id': '2LIk90788K0zvyj2JJVwkJ', 'name': 'Jack Harlow', 'type': 'artist', 'uri': 'spotify:artist:2LIk90788K0zvyj2JJVwkJ'}]",2.8991166666666666,True,44,4uVXrwE4aSV2L2aqAHSOXa,First Class,2022,album,Jack Harlow,,2LIk90788K0zvyj2JJVwkJ,,0.905,0.563,8,-6.135,1,0.102,0.0254,9.71e-06,0.113,0.324,82,2800379,deep underground hip hop,"kentucky hip hop, pop, rap"
18,3iH9MTX6mSGgSNlw9Q2T6t,"Thallumaala Paattu - From ""Thallumaala""","[{'external_urls': {'spotify': 'https://open.spotify.com/artist/1uyEDo5vVeOUdz0xbLBKb4'}, 'href': 'https://api.spotify.com/v1/artists/1uyEDo5vVeOUdz0xbLBKb4', 'id': '1uyEDo5vVeOUdz0xbLBKb4', 'name': 'Hrithik Jayakish', 'type': 'artist', 'uri': 'spotify:artist:1uyEDo5vVeOUdz0xbLBKb4'}, {'external_urls': {'spotify': 'https://open.spotify.com/artist/7j7JiRc4hgylqljp5gmKcv'}, 'href': 'https://api.spotify.com/v1/artists/7j7JiRc4hgylqljp5gmKcv', 'id': '7j7JiRc4hgylqljp5gmKcv', 'name': 'Neha Girish', 'type': 'artist', 'uri': 'spotify:artist:7j7JiRc4hgylqljp5gmKcv'}, {'external_urls': {'spotify': 'https://open.spotify.com/artist/1zdLDvuJcKyCtgrPAKwEIQ'}, 'href': 'https://api.spotify.com/v1/artists/1zdLDvuJcKyCtgrPAKwEIQ', 'id': '1zdLDvuJcKyCtgrPAKwEIQ', 'name': 'Eshaan Sanil', 'type': 'artist', 'uri': 'spotify:artist:1zdLDvuJcKyCtgrPAKwEIQ'}, {'external_urls': {'spotify': 'https://open.spotify.com/artist/485YsYvNnyDA6LZOq4BGA2'}, 'href': 'https://api.spotify.com/v1/artists/485YsYvNnyDA6LZOq4BGA2', 'id': '485YsYvNnyDA6LZOq4BGA2', 'name': 'Thejas Krishna', 'type': 'artist', 'uri': 'spotify:artist:485YsYvNnyDA6LZOq4BGA2'}, {'external_urls': {'spotify': 'https://open.spotify.com/artist/2einniD11Dbvrwy5nWmn4p'}, 'href': 'https://api.spotify.com/v1/artists/2einniD11Dbvrwy5nWmn4p', 'id': '2einniD11Dbvrwy5nWmn4p', 'name': 'Vishnu Vijay', 'type': 'artist', 'uri': 'spotify:artist:2einniD11Dbvrwy5nWmn4p'}]",3.0622833333333332,False,49,09coDJ0hDNRUkN3qJnGfIy,Thallumaala,2022,album,Hrithik Jayakish,"Neha Girish, Eshaan Sanil, Thejas Krishna, Vishnu Vijay",1uyEDo5vVeOUdz0xbLBKb4,"7j7JiRc4hgylqljp5gmKcv, 1zdLDvuJcKyCtgrPAKwEIQ, 485YsYvNnyDA6LZOq4BGA2, 2einniD11Dbvrwy5nWmn4p",0.71,0.564,2,-12.186,1,0.0464,0.014,3.06e-05,0.0994,0.427,44,356,,
19,79xjw95DSvcl8sDtghDOGo,"Akdi Pakdi (From ""Liger"")","[{'external_urls': {'spotify': 'https://open.spotify.com/artist/4VS3XraXs2LRsowQnQ7VFh'}, 'href': 'https://api.spotify.com/v1/artists/4VS3XraXs2LRsowQnQ7VFh', 'id': '4VS3XraXs2LRsowQnQ7VFh', 'name': 'Lijo George', 'type': 'artist', 'uri': 'spotify:artist:4VS3XraXs2LRsowQnQ7VFh'}, {'external_urls': {'spotify': 'https://open.spotify.com/artist/1jPeDHvfU5Knw8VyOP6TZN'}, 'href': 'https://api.spotify.com/v1/artists/1jPeDHvfU5Knw8VyOP6TZN', 'id': '1jPeDHvfU5Knw8VyOP6TZN', 'name': 'Dj Chetas', 'type': 'artist', 'uri': 'spotify:artist:1jPeDHvfU5Knw8VyOP6TZN'}, {'external_urls': {'spotify': 'https://open.spotify.com/artist/4ZTli8xiH8txCfWJtulNXQ'}, 'href': 'https://api.spotify.com/v1/artists/4ZTli8xiH8txCfWJtulNXQ', 'id': '4ZTli8xiH8txCfWJtulNXQ', 'name': 'Sunil Kashyap', 'type': 'artist', 'uri': 'spotify:artist:4ZTli8xiH8txCfWJtulNXQ'}, {'external_urls': {'spotify': 'https://open.spotify.com/artist/04FsFHujpuqonrPXZrEJlK'}, 'href': 'https://api.spotify.com/v1/artists/04FsFHujpuqonrPXZrEJlK', 'id': '04FsFHujpuqonrPXZrEJlK', 'name': 'Dev Negi', 'type': 'artist', 'uri': 'spotify:artist:04FsFHujpuqonrPXZrEJlK'}, {'external_urls': {'spotify': 'https://open.spotify.com/artist/3hmboaiYDw7hqBWQZ5TJQX'}, 'href': 'https://api.spotify.com/v1/artists/3hmboaiYDw7hqBWQZ5TJQX', 'id': '3hmboaiYDw7hqBWQZ5TJQX', 'name': 'Pawni Pandey', 'type': 'artist', 'uri': 'spotify:artist:3hmboaiYDw7hqBWQZ5TJQX'}]",3.8366666666666664,False,47,0sqF7xlWsmlPf3wVMvMf8n,"Akdi Pakdi (From ""Liger"")",2022,album,Lijo George,"Dj Chetas, Sunil Kashyap, Dev Negi, Pawni Pandey",4VS3XraXs2LRsowQnQ7VFh,"1jPeDHvfU5Knw8VyOP6TZN, 4ZTli8xiH8txCfWJtulNXQ, 04FsFHujpuqonrPXZrEJlK, 3hmboaiYDw7hqBWQZ5TJQX",0.692,0.937,11,-2.911,0,0.266,0.187,0.0,0.599,0.6,58,10069,,
20,5u1cWcqIX6sbKiVJn8PR86,"Manavaalan Thug - From ""Thallumaala""","[{'external_urls': {'spotify': 'https://open.spotify.com/artist/2JJKoRrK7Eec7jlcjFB7sc'}, 'href': 'https://api.spotify.com/v1/artists/2JJKoRrK7Eec7jlcjFB7sc', 'id': '2JJKoRrK7Eec7jlcjFB7sc', 'name': 'Dabzee', 'type': 'artist', 'uri': 'spotify:artist:2JJKoRrK7Eec7jlcjFB7sc'}, {'external_urls': {'spotify': 'https://open.spotify.com/artist/3eaS0SB97IZ1TVFv4XiTdm'}, 'href': 'https://api.spotify.com/v1/artists/3eaS0SB97IZ1TVFv4XiTdm', 'id': '3eaS0SB97IZ1TVFv4XiTdm', 'name': 'SA', 'type': 'artist', 'uri': 'spotify:artist:3eaS0SB97IZ1TVFv4XiTdm'}]",3.3333333333333335,False,49,09coDJ0hDNRUkN3qJnGfIy,Thallumaala,2022,album,Dabzee,SA,2JJKoRrK7Eec7jlcjFB7sc,3eaS0SB97IZ1TVFv4XiTdm,0.809,0.583,1,-8.771,1,0.0605,0.356,0.0,0.0622,0.478,51,10752,malayalam hip hop,
21,3huCRjAX12zNPxtX9JqX2X,"Naanga Vera Maari (From ""Valimai"")","[{'external_urls': {'spotify': 'https://open.spotify.com/artist/6AiX12wXdXFoGJ2vk8zBjy'}, 'href': 'https://api.spotify.com/v1/artists/6AiX12wXdXFoGJ2vk8zBjy', 'id': '6AiX12wXdXFoGJ2vk8zBjy', 'name': 'Yuvan Shankar Raja', 'type': 'artist', 'uri': 'spotify:artist:6AiX12wXdXFoGJ2vk8zBjy'}, {'external_urls': {'spotify': 'https://open.spotify.com/artist/6LWyVEIBnx7MoRBhQxu9om'}, 'href': 'https://api.spotify.com/v1/artists/6LWyVEIBnx7MoRBhQxu9om', 'id': '6LWyVEIBnx7MoRBhQxu9om', 'name': 'Anurag Kulkarni', 'type': 'artist', 'uri': 'spotify:artist:6LWyVEIBnx7MoRBhQxu9om'}]",4.239083333333333,False,52,57EwhOeKmfQPDC7IUjKubv,"Naanga Vera Maari (From ""Valimai"")",2021,album,Yuvan Shankar Raja,Anurag Kulkarni,6AiX12wXdXFoGJ2vk8zBjy,6LWyVEIBnx7MoRBhQxu9om,0.649,0.889,1,-5.442,1,0.199,0.102,0.0,0.323,0.601,79,8813352,filmi,"kollywood, tamil pop"
25,4iKGu3xtvm90eBw0EIPWJP,"Naatu Naatu (From ""Rrr"")","[{'external_urls': {'spotify': 'https://open.spotify.com/artist/1H4ZvA2yyK7wCmbvEUWvPn'}, 'href': 'https://api.spotify.com/v1/artists/1H4ZvA2yyK7wCmbvEUWvPn', 'id': '1H4ZvA2yyK7wCmbvEUWvPn', 'name': 'Rahul Sipligunj', 'type': 'artist', 'uri': 'spotify:artist:1H4ZvA2yyK7wCmbvEUWvPn'}, {'external_urls': {'spotify': 'https://open.spotify.com/artist/4tejKImNVmDcORNBuZ1l14'}, 'href': 'https://api.spotify.com/v1/artists/4tejKImNVmDcORNBuZ1l14', 'id': '4tejKImNVmDcORNBuZ1l14', 'name': 'Kala Bhairava', 'type': 'artist', 'uri': 'spotify:artist:4tejKImNVmDcORNBuZ1l14'}, {'external_urls': {'spotify': 'https://open.spotify.com/artist/12l1SqSNsg2mI2IcXpPWjR'}, 'href': 'https://api.spotify.com/v1/artists/12l1SqSNsg2mI2IcXpPWjR', 'id': '12l1SqSNsg2mI2IcXpPWjR', 'name': 'M. M. Keeravani', 'type': 'artist', 'uri': 'spotify:artist:12l1SqSNsg2mI2IcXpPWjR'}]",3.5733166666666665,False,63,78zqKU9guNUoZFs7mn7TUG,"Naatu Naatu (From ""Rrr"")",2021,album,Rahul Sipligunj,"Kala Bhairava, M. M. Keeravani",1H4ZvA2yyK7wCmbvEUWvPn,"4tejKImNVmDcORNBuZ1l14, 12l1SqSNsg2mI2IcXpPWjR",0.405,0.988,10,-3.843,0,0.0992,0.355,0.113,0.0815,0.703,63,925707,tollywood,
27,1Cv1YLb4q0RzL6pybtaMLo,Sunday Best,"[{'external_urls': {'spotify': 'https://open.spotify.com/artist/4ETSs924pXMzjIeD6E9b4u'}, 'href': 'https://api.spotify.com/v1/artists/4ETSs924pXMzjIeD6E9b4u', 'id': '4ETSs924pXMzjIeD6E9b4u', 'name': 'Surfaces', 'type': 'artist', 'uri': 'spotify:artist:4ETSs924pXMzjIeD6E9b4u'}]",2.64285,False,72,3mMWlBGocBwsS1Q0o9wvlc,Where the Light Is,2019,album,Surfaces,,4ETSs924pXMzjIeD6E9b4u,,0.878,0.525,5,-6.832,1,0.0578,0.183,0.0,0.0714,0.694,71,882782,bedroom soul,pop
28,397k2vS0xPDxKKVXV46KtV,Saami Saami,"[{'external_urls': {'spotify': 'https://open.spotify.com/artist/1JIPdCqj5nSYLwHHD4vS5v'}, 'href': 'https://api.spotify.com/v1/artists/1JIPdCqj5nSYLwHHD4vS5v', 'id': '1JIPdCqj5nSYLwHHD4vS5v', 'name': 'Rajalakshmi Senthiganesh', 'type': 'artist', 'uri': 'spotify:artist:1JIPdCqj5nSYLwHHD4vS5v'}]",3.7336,False,55,602rAkHAZiAsKB8BcxEiCM,Pushpa - The Rise,2021,album,Rajalakshmi Senthiganesh,,1JIPdCqj5nSYLwHHD4vS5v,,0.814,0.806,5,-6.461,0,0.296,0.271,0.000241,0.228,0.869,43,10885,tamil pop,
35,7fKywVasHSlshJQpkN2atd,Mere Gully Mein,"[{'external_urls': {'spotify': 'https://open.spotify.com/artist/0lMa3YTHqQnDDTBaxAV7LK'}, 'href': 'https://api.spotify.com/v1/artists/0lMa3YTHqQnDDTBaxAV7LK', 'id': '0lMa3YTHqQnDDTBaxAV7LK', 'name': 'Ranveer Singh', 'type': 'artist', 'uri': 'spotify:artist:0lMa3YTHqQnDDTBaxAV7LK'}, {'external_urls': {'spotify': 'https://open.spotify.com/artist/4Ai0pGz6GhQavjzaRhPTvz'}, 'href': 'https://api.spotify.com/v1/artists/4Ai0pGz6GhQavjzaRhPTvz', 'id': '4Ai0pGz6GhQavjzaRhPTvz', 'name': 'DIVINE', 'type': 'artist', 'uri': 'spotify:artist:4Ai0pGz6GhQavjzaRhPTvz'}, {'external_urls': {'spotify': 'https://open.spotify.com/artist/2oeTqp8DgAmtnP2WGc1OS2'}, 'href': 'https://api.spotify.com/v1/artists/2oeTqp8DgAmtnP2WGc1OS2', 'id': '2oeTqp8DgAmtnP2WGc1OS2', 'name': 'Naezy', 'type': 'artist', 'uri': 'spotify:artist:2oeTqp8DgAmtnP2WGc1OS2'}, {'external_urls': {'spotify': 'https://open.spotify.com/artist/7hI0IRD66iykVpXiieNRbe'}, 'href': 'https://api.spotify.com/v1/artists/7hI0IRD66iykVpXiieNRbe', 'id': '7hI0IRD66iykVpXiieNRbe', 'name': 'Sez on the Beat', 'type': 'artist', 'uri': 'spotify:artist:7hI0IRD66iykVpXiieNRbe'}]",3.0833333333333335,False,49,3UhZwBv1QvSLG1OFQXx930,Gully Boy,2019,album,Ranveer Singh,"DIVINE, Naezy, Sez on the Beat",0lMa3YTHqQnDDTBaxAV7LK,"4Ai0pGz6GhQavjzaRhPTvz, 2oeTqp8DgAmtnP2WGc1OS2, 7hI0IRD66iykVpXiieNRbe",0.844,0.617,11,-12.748,0,0.116,0.00502,0.0,0.0558,0.159,53,505514,desi hip hop,"desi pop, filmi, hindi hip hop, modern bollywood"
37,0wXLihjlVrkuay7RBZzhVc,Power,"[{'external_urls': {'spotify': 'https://open.spotify.com/artist/3TUNkjIHkcvEy9oeK2D4hU'}, 'href': 'https://api.spotify.com/v1/artists/3TUNkjIHkcvEy9oeK2D4hU', 'id': '3TUNkjIHkcvEy9oeK2D4hU', 'name': 'Sean Roldan', 'type': 'artist', 'uri': 'spotify:artist:3TUNkjIHkcvEy9oeK2D4hU'}, {'external_urls': {'spotify': 'https://open.spotify.com/artist/7rVV9d6vc4FLT752uRuk71'}, 'href': 'https://api.spotify.com/v1/artists/7rVV9d6vc4FLT752uRuk71', 'id': '7rVV9d6vc4FLT752uRuk71', 'name': 'Arivu', 'type': 'artist', 'uri': 'spotify:artist:7rVV9d6vc4FLT752uRuk71'}]",3.6491,False,26,6lnhwWrPtqaHso8PvPxhNR,Jai Bhim (Original Motion Picture Soundtrack),2021,album,Sean Roldan,Arivu,3TUNkjIHkcvEy9oeK2D4hU,7rVV9d6vc4FLT752uRuk71,0.774,0.72,2,-10.666,1,0.181,0.0316,0.0,0.338,0.526,59,327615,filmi,tamil pop
40,1LbBOhicFmu7ktJqIHCELt,"Ranjithame (From ""Varisu"")","[{'external_urls': {'spotify': 'https://open.spotify.com/artist/0fhunuOz2OuOEr3YK5ctSm'}, 'href': 'https://api.spotify.com/v1/artists/0fhunuOz2OuOEr3YK5ctSm', 'id': '0fhunuOz2OuOEr3YK5ctSm', 'name': 'Thalapathy Vijay', 'type': 'artist', 'uri': 'spotify:artist:0fhunuOz2OuOEr3YK5ctSm'}, {'external_urls': {'spotify': 'https://open.spotify.com/artist/3JGrxsZ6kfzJrfwsxwERhS'}, 'href': 'https://api.spotify.com/v1/artists/3JGrxsZ6kfzJrfwsxwERhS', 'id': '3JGrxsZ6kfzJrfwsxwERhS', 'name': 'M.M.Manasi', 'type': 'artist', 'uri': 'spotify:artist:3JGrxsZ6kfzJrfwsxwERhS'}, {'external_urls': {'spotify': 'https://open.spotify.com/artist/2FgHPfRprDaylrSRVf1UlN'}, 'href': 'https://api.spotify.com/v1/artists/2FgHPfRprDaylrSRVf1UlN', 'id': '2FgHPfRprDaylrSRVf1UlN', 'name': 'Thaman S', 'type': 'artist', 'uri': 'spotify:artist:2FgHPfRprDaylrSRVf1UlN'}]",4.784666666666666,False,76,6tspDejx5wSiwaF9ujyT7W,"Ranjithame (From ""Varisu"")",2022,album,Thalapathy Vijay,"M.M.Manasi, Thaman S",0fhunuOz2OuOEr3YK5ctSm,"3JGrxsZ6kfzJrfwsxwERhS, 2FgHPfRprDaylrSRVf1UlN",0.545,0.98,9,-6.464,1,0.129,0.666,0.00709,0.0788,0.658,66,200279,tamil pop,
41,1eUIhOKYG45Jz7xIdcNlbn,Kathalikkum Penin Kaikal,"[{'external_urls': {'spotify': 'https://open.spotify.com/artist/2ae6PxICSOZHvjqiCcgon8'}, 'href': 'https://api.spotify.com/v1/artists/2ae6PxICSOZHvjqiCcgon8', 'id': '2ae6PxICSOZHvjqiCcgon8', 'name': 'S. P. Balasubrahmanyam', 'type': 'artist', 'uri': 'spotify:artist:2ae6PxICSOZHvjqiCcgon8'}, {'external_urls': {'spotify': 'https://open.spotify.com/artist/70B80Lwx2sxti0M1Ng9e8K'}, 'href': 'https://api.spotify.com/v1/artists/70B80Lwx2sxti0M1Ng9e8K', 'id': '70B80Lwx2sxti0M1Ng9e8K', 'name': 'Udit Narayan', 'type': 'artist', 'uri': 'spotify:artist:70B80Lwx2sxti0M1Ng9e8K'}, {'external_urls': {'spotify': 'https://open.spotify.com/artist/31zE3XsSq1gHAik8uajDFP'}, 'href': 'https://api.spotify.com/v1/artists/31zE3XsSq1gHAik8uajDFP', 'id': '31zE3XsSq1gHAik8uajDFP', 'name': 'S.P. Pallavi', 'type': 'artist', 'uri': 'spotify:artist:31zE3XsSq1gHAik8uajDFP'}]",4.821766666666667,False,55,2FLFZYTdBl3PyrsMVm1fMR,Kaadhalan,2014,album,S. P. Balasubrahmanyam,"Udit Narayan, S.P. Pallavi",2ae6PxICSOZHvjqiCcgon8,"70B80Lwx2sxti0M1Ng9e8K, 31zE3XsSq1gHAik8uajDFP",0.857,0.205,10,-17.393,0,0.0744,0.00654,0.00024,0.101,0.728,78,6724782,filmi,
42,0V3wPSX9ygBnCm8psDIegu,Anti-Hero,"[{'external_urls': {'spotify': 'https://open.spotify.com/artist/06HL4z0CvFAxyc27GXpf02'}, 'href': 'https://api.spotify.com/v1/artists/06HL4z0CvFAxyc27GXpf02', 'id': '06HL4z0CvFAxyc27GXpf02', 'name': 'Taylor Swift', 'type': 'artist', 'uri': 'spotify:artist:06HL4z0CvFAxyc27GXpf02'}]",3.3448333333333333,False,91,151w1FgRZfnKZA9FEcg9Z3,Midnights,2022,album,Taylor Swift,,06HL4z0CvFAxyc27GXpf02,,0.637,0.643,4,-6.571,1,0.0519,0.13,1.8e-06,0.142,0.533,99,67720519,pop,
44,6wdyJnmcSeBXUyR6H5gGKd,Suttum Vizhi,"[{'external_urls': {'spotify': 'https://open.spotify.com/artist/0Eyu7MSg0N3UtTb9NDDDsW'}, 'href': 'https://api.spotify.com/v1/artists/0Eyu7MSg0N3UtTb9NDDDsW', 'id': '0Eyu7MSg0N3UtTb9NDDDsW', 'name': 'Sriram Parthasarathy', 'type': 'artist', 'uri': 'spotify:artist:0Eyu7MSg0N3UtTb9NDDDsW'}, {'external_urls': {'spotify': 'https://open.spotify.com/artist/5OTt6O4Q22YsqZDaWV6FqC'}, 'href': 'https://api.spotify.com/v1/artists/5OTt6O4Q22YsqZDaWV6FqC', 'id': '5OTt6O4Q22YsqZDaWV6FqC', 'name': 'Bombay Jayashri', 'type': 'artist', 'uri': 'spotify:artist:5OTt6O4Q22YsqZDaWV6FqC'}]",5.31,False,57,0gtR7jv2x4VpKEKWeqVqqh,Ghajini (Original Motion Picture Soundtrack),2005,album,Sriram Parthasarathy,Bombay Jayashri,0Eyu7MSg0N3UtTb9NDDDsW,5OTt6O4Q22YsqZDaWV6FqC,0.789,0.592,7,-7.063,0,0.0501,0.0808,0.00079,0.084,0.946,56,96132,filmi,tamil pop
45,7Mi0pugIa9VPQm7ykGWIfa,Bullet Song,"[{'external_urls': {'spotify': 'https://open.spotify.com/artist/5sSzCxHtgL82pYDvx2QyEU'}, 'href': 'https://api.spotify.com/v1/artists/5sSzCxHtgL82pYDvx2QyEU', 'id': '5sSzCxHtgL82pYDvx2QyEU', 'name': 'Devi Sri Prasad', 'type': 'artist', 'uri': 'spotify:artist:5sSzCxHtgL82pYDvx2QyEU'}, {'external_urls': {'spotify': 'https://open.spotify.com/artist/5Hn84AFwiTEi8eMoI5B9AS'}, 'href': 'https://api.spotify.com/v1/artists/5Hn84AFwiTEi8eMoI5B9AS', 'id': '5Hn84AFwiTEi8eMoI5B9AS', 'name': 'Silambarasan TR', 'type': 'artist', 'uri': 'spotify:artist:5Hn84AFwiTEi8eMoI5B9AS'}, {'external_urls': {'spotify': 'https://open.spotify.com/artist/1CUAEnzS0hidDnH66AUS3h'}, 'href': 'https://api.spotify.com/v1/artists/1CUAEnzS0hidDnH66AUS3h', 'id': '1CUAEnzS0hidDnH66AUS3h', 'name': 'Haripriya', 'type': 'artist', 'uri': 'spotify:artist:1CUAEnzS0hidDnH66AUS3h'}]",3.9543833333333334,False,58,424KdwSKagxxopiqLlbasW,The Warriorr,2022,album,Devi Sri Prasad,"Silambarasan TR, Haripriya",5sSzCxHtgL82pYDvx2QyEU,"5Hn84AFwiTEi8eMoI5B9AS, 1CUAEnzS0hidDnH66AUS3h",0.745,0.878,5,-6.782,0,0.233,0.576,0.114,0.0915,0.782,73,6680843,filmi,tollywood
46,1OOtq8tRnDM8kG2gqUPjAj,Beat It,"[{'external_urls': {'spotify': 'https://open.spotify.com/artist/3fMbdgg4jU18AjLCKBhRSm'}, 'href': 'https://api.spotify.com/v1/artists/3fMbdgg4jU18AjLCKBhRSm', 'id': '3fMbdgg4jU18AjLCKBhRSm', 'name': 'Michael Jackson', 'type': 'artist', 'uri': 'spotify:artist:3fMbdgg4jU18AjLCKBhRSm'}]",4.300666666666666,False,75,1C2h7mLntPSeVYciMRTF4a,Thriller 25 Super Deluxe Edition,2008,album,Michael Jackson,,3fMbdgg4jU18AjLCKBhRSm,,0.776,0.867,3,-3.704,0,0.0479,0.0495,7.92e-06,0.197,0.918,84,25987832,pop,"r&b, soul"
47,1pean7zvZUqcWZaUucH63f,"Thaai Kelavi (From ""Thiruchitrambalam"")","[{'external_urls': {'spotify': 'https://open.spotify.com/artist/2F3KtUVtrt2GLjcl6pB4cz'}, 'href': 'https://api.spotify.com/v1/artists/2F3KtUVtrt2GLjcl6pB4cz', 'id': '2F3KtUVtrt2GLjcl6pB4cz', 'name': 'Dhanush', 'type': 'artist', 'uri': 'spotify:artist:2F3KtUVtrt2GLjcl6pB4cz'}, {'external_urls': {'spotify': 'https://open.spotify.com/artist/4zCH9qm4R2DADamUHMCa6O'}, 'href': 'https://api.spotify.com/v1/artists/4zCH9qm4R2DADamUHMCa6O', 'id': '4zCH9qm4R2DADamUHMCa6O', 'name': 'Anirudh Ravichander', 'type': 'artist', 'uri': 'spotify:artist:4zCH9qm4R2DADamUHMCa6O'}]",4.31515,False,66,4jFrwveExsKoWw4uxDu8kz,"Thaai Kelavi (From ""Thiruchitrambalam"")",2022,album,Dhanush,Anirudh Ravichander,2F3KtUVtrt2GLjcl6pB4cz,4zCH9qm4R2DADamUHMCa6O,0.661,0.92,9,-3.469,0,0.188,0.0352,1.4e-05,0.314,0.494,72,5748616,filmi,"kollywood, tamil pop"
48,21aHbmzbIE9hXry26mwKDt,"Aafat (Telugu) [From ""Liger (Telugu)""]","[{'external_urls': {'spotify': 'https://open.spotify.com/artist/4f7KfxeHq9BiylGmyXepGt'}, 'href': 'https://api.spotify.com/v1/artists/4f7KfxeHq9BiylGmyXepGt', 'id': '4f7KfxeHq9BiylGmyXepGt', 'name': 'Tanishk Bagchi', 'type': 'artist', 'uri': 'spotify:artist:4f7KfxeHq9BiylGmyXepGt'}, {'external_urls': {'spotify': 'https://open.spotify.com/artist/0tluFVpifIuT5slS3M1yTi'}, 'href': 'https://api.spotify.com/v1/artists/0tluFVpifIuT5slS3M1yTi', 'id': '0tluFVpifIuT5slS3M1yTi', 'name': 'Simha', 'type': 'artist', 'uri': 'spotify:artist:0tluFVpifIuT5slS3M1yTi'}, {'external_urls': {'spotify': 'https://open.spotify.com/artist/4xVrxpa8IgoLneQbdPnSsk'}, 'href': 'https://api.spotify.com/v1/artists/4xVrxpa8IgoLneQbdPnSsk', 'id': '4xVrxpa8IgoLneQbdPnSsk', 'name': 'Sravana Bhargavi', 'type': 'artist', 'uri': 'spotify:artist:4xVrxpa8IgoLneQbdPnSsk'}]",2.725,False,51,1DGk7arnJgEpIZ7HZkCikQ,"Aafat (Telugu) [From ""Liger (Telugu)""]",2022,album,Tanishk Bagchi,"Simha, Sravana Bhargavi",4f7KfxeHq9BiylGmyXepGt,"0tluFVpifIuT5slS3M1yTi, 4xVrxpa8IgoLneQbdPnSsk",0.856,0.809,11,-1.683,0,0.17,0.194,0.0,0.0901,0.461,82,2606021,desi pop,modern bollywood
49,264N6tbGXXrA8ATLD1efbf,1915 Harley Davidson 1000 Twin: Short Pass By,"[{'external_urls': {'spotify': 'https://open.spotify.com/artist/5zFOVxtYkKdqwYdG9bASRR'}, 'href': 'https://api.spotify.com/v1/artists/5zFOVxtYkKdqwYdG9bASRR', 'id': '5zFOVxtYkKdqwYdG9bASRR', 'name': 'Sound Ideas', 'type': 'artist', 'uri': 'spotify:artist:5zFOVxtYkKdqwYdG9bASRR'}]",0.31016666666666665,False,0,0x6z4Heege7qztd07fsI0i,Motorcycle Sound Effects,2018,album,Sound Ideas,,5zFOVxtYkKdqwYdG9bASRR,,0.267,0.364,1,-25.795,1,0.0585,0.148,0.778,0.244,0.114,43,5237,sleep,
50,2B5ovomAAUAZtLGArf4wdw,La La Bheemla,"[{'external_urls': {'spotify': 'https://open.spotify.com/artist/1ZKWEgONUTL99f0niqmUA4'}, 'href': 'https://api.spotify.com/v1/artists/1ZKWEgONUTL99f0niqmUA4', 'id': '1ZKWEgONUTL99f0niqmUA4', 'name': 'Arun Kaundinya', 'type': 'artist', 'uri': 'spotify:artist:1ZKWEgONUTL99f0niqmUA4'}]",2.4657,False,48,40QYJZhy74fQqi8OGuKaDb,Bheemla Nayak,2021,album,Arun Kaundinya,,1ZKWEgONUTL99f0niqmUA4,,0.503,0.901,0,-3.458,1,0.338,0.715,0.0,0.316,0.631,54,5153,,
